Employee_ID,First_Name,Last_Name,Department,Job_Title,Cost_Center,Employment_Type,Pay_Type,Hire_Date,Work_State,Pay_Period_Start,Pay_Period_End,Pay_Date,Base_Hourly_Rate,Annual_Salary,Regular_Hours,Overtime_Hours,Double_Time_Hours,Regular_Earnings,Overtime_Earnings,Double_Time_Earnings,Commission_Earnings,Bonus_Earnings,Tax_Exempt_Stipends,Gross_Pay,PreTax_401k,PreTax_Health_Ins,PreTax_Dental_Vision,PreTax_FSA_HSA,Total_PreTax_Deductions,Taxable_Gross_Pay,Federal_Income_Tax,Social_Security_Tax,Medicare_Tax,State_Income_Tax,State_Disability_SUI,Total_Employee_Taxes,PostTax_Garnishments,PostTax_Roth_401k,Total_PostTax_Deductions,Net_Pay,Employer_SS_Match,Employer_Medicare_Match,Employer_FUTA_Tax,Employer_SUTA_Tax,Employer_401k_Match,Employer_Health_Subsidy,Total_Employer_Cost,Payment_Method,Masked_Account_Number
EMP-1000,Kenneth,Lewis,Engineering,QA Engineer,CC-ENG-102,Full-Time,Salaried,2020-05-29,TX,2026-08-01,2026-08-15,2026-08-20,43.2,89851.18,80.0,0.0,0.0,3743.8,0.0,0.0,0.0,0.0,0.0,3743.8,187.19,0.0,45.0,100.0,332.19,3411.61,341.37,211.52,49.47,0.0,30.7,633.06,0.0,0.0,0.0,2778.55,211.52,49.47,1.75,92.11,149.75,0.0,4248.4,Direct Deposit,*****4385
EMP-1001,Amanda,Harris,Product,UI/UX Designer,CC-PRO-101,Full-Time,Hourly,2020-09-28,FL,2026-08-01,2026-08-15,2026-08-20,29.68,0.0,80.0,0.0,0.0,2374.4,0.0,0.0,0.0,0.0,300.0,2674.4,118.72,420.0,45.0,0.0,583.72,1790.68,180.97,111.02,25.96,0.0,16.12,334.07,0.0,0.0,0.0,1756.61,111.02,25.96,1.75,48.35,94.98,1050.0,4006.46,Direct Deposit,*****8513
EMP-1002,Mary,Martin,Engineering,Engineering Manager,CC-ENG-102,Full-Time,Salaried,2019-05-08,NC,2026-08-01,2026-08-15,2026-08-20,55.03,114470.51,80.0,0.0,0.0,4769.6,0.0,0.0,0.0,250.0,0.0,5019.6,250.98,120.0,25.0,0.0,395.98,4623.62,530.74,286.66,67.04,219.62,41.61,1145.67,0.0,0.0,0.0,3477.95,286.66,67.04,1.75,124.84,190.78,300.0,5990.67,Direct Deposit,*****1161
EMP-1003,Emily,Wilson,Finance & Legal,Legal Counsel,CC-FIN-301,Full-Time,Salaried,2019-12-07,IL,2026-08-01,2026-08-15,2026-08-20,37.33,77637.69,80.0,0.0,0.0,3234.9,0.0,0.0,0.0,0.0,0.0,3234.9,97.05,250.0,0.0,100.0,447.05,2787.85,295.41,172.85,40.42,138.0,25.09,671.77,0.0,0.0,0.0,2116.08,172.85,40.42,1.75,75.27,97.05,625.0,4247.24,Direct Deposit,*****3027
EMP-1004,Lisa,Hernandez,Engineering,Tech Lead,CC-ENG-201,Full-Time,Salaried,2025-04-24,IL,2026-08-01,2026-08-15,2026-08-20,110.78,230419.11,80.0,0.0,0.0,9600.8,0.0,0.0,0.0,0.0,150.0,9750.8,960.08,120.0,0.0,0.0,1080.08,8520.72,1307.99,435.55,123.55,421.78,76.69,2365.56,0.0,0.0,0.0,6305.16,435.55,123.55,1.75,230.06,384.03,300.0,11225.74,Direct Deposit,*****9154
EMP-1005,James,Wright,Engineering,DevOps Engineer,CC-ENG-101,Full-Time,Salaried,2023-07-14,NY,2026-08-01,2026-08-15,2026-08-20,36.85,76644.44,80.0,0.0,0.0,3193.52,0.0,0.0,0.0,0.0,75.0,3268.52,0.0,120.0,25.0,100.0,245.0,2948.52,406.98,182.81,42.75,191.65,26.54,850.73,0.0,0.0,0.0,2172.79,182.81,42.75,1.75,79.61,0.0,300.0,3875.44,Direct Deposit,*****7374
EMP-1006,Joseph,Nelson,Engineering,QA Engineer,CC-ENG-101,Full-Time,Salaried,2021-08-19,TX,2026-08-01,2026-08-15,2026-08-20,57.9,120430.35,80.0,0.0,0.0,5017.93,0.0,0.0,0.0,0.0,75.0,5092.93,501.79,250.0,0.0,100.0,851.79,4166.14,596.37,258.3,60.41,0.0,37.5,952.58,0.0,0.0,0.0,3288.56,258.3,60.41,1.75,112.49,200.72,625.0,6351.6,Direct Deposit,*****8392
EMP-1007,Anthony,Gonzalez,Operations,Supply Chain Analyst,CC-OPE-101,Full-Time,Salaried,2022-06-03,CA,2026-08-01,2026-08-15,2026-08-20,50.48,105008.34,80.0,0.0,0.0,4375.35,0.0,0.0,0.0,0.0,0.0,4375.35,0.0,120.0,25.0,0.0,145.0,4230.35,445.0,262.28,61.34,338.43,38.07,1145.12,0.0,0.0,0.0,3085.23,262.28,61.34,1.75,114.22,0.0,300.0,5114.94,Direct Deposit,*****8554
EMP-1008,Andrew,Carter,Customer Support,Customer Success Manager,CC-CUS-101,Full-Time,Salaried,2024-08-04,FL,2026-08-01,2026-08-15,2026-08-20,56.1,116692.24,80.0,0.0,0.0,4862.18,0.0,0.0,0.0,0.0,150.0,5012.18,145.87,0.0,25.0,200.0,370.87,4491.31,536.1,278.46,65.12,0.0,40.42,920.1,0.0,0.0,0.0,3721.21,278.46,65.12,1.75,121.27,145.87,0.0,5624.65,Direct Deposit,*****5218
EMP-1009,Donna,White,Sales,Account Executive,CC-SAL-301,Full-Time,Salaried,2021-01-23,MA,2026-08-01,2026-08-15,2026-08-20,54.95,114294.66,80.0,0.0,0.0,4762.28,0.0,0.0,500.0,0.0,0.0,5262.28,238.11,250.0,0.0,0.0,488.11,4774.17,563.92,296.0,69.23,238.71,42.97,1210.83,0.0,0.0,0.0,3563.34,296.0,69.23,1.75,128.9,190.49,625.0,6573.65,Direct Deposit,*****3976
EMP-1010,Kenneth,Moore,Operations,Supply Chain Analyst,CC-OPE-201,Full-Time,Hourly,2019-06-13,NY,2026-08-01,2026-08-15,2026-08-20,50.95,0.0,80.0,0.0,0.0,4076.0,0.0,0.0,0.0,0.0,0.0,4076.0,203.8,120.0,0.0,100.0,423.8,3652.2,628.3,226.44,52.96,237.39,32.87,1177.96,0.0,0.0,0.0,2474.24,226.44,52.96,1.75,98.61,163.04,300.0,4918.8,Direct Deposit,*****4170
EMP-1011,Melissa,Thomas,Operations,COO,CC-OPE-201,Full-Time,Salaried,2021-09-14,NC,2026-08-01,2026-08-15,2026-08-20,106.07,220620.7,80.0,0.0,0.0,9192.53,0.0,0.0,0.0,1000.0,75.0,10267.53,509.63,250.0,25.0,100.0,884.63,9307.9,1655.81,435.55,134.96,442.13,83.77,2752.22,0.0,0.0,0.0,6630.68,435.55,134.96,1.75,251.31,367.7,625.0,12083.8,Direct Deposit,*****3869
EMP-1012,Jessica,Green,Engineering,Engineering Manager,CC-ENG-101,Full-Time,Salaried,2022-10-15,NC,2026-08-01,2026-08-15,2026-08-20,99.54,207043.88,80.0,0.0,0.0,8626.83,0.0,0.0,0.0,0.0,75.0,8701.83,431.34,250.0,0.0,0.0,681.34,7945.49,963.12,435.55,115.21,377.41,71.51,1962.8,0.0,0.0,0.0,6057.69,435.55,115.21,1.75,214.53,345.07,625.0,10438.94,Check,N/A
EMP-1013,Linda,Clark,Sales,BDR,CC-SAL-101,Full-Time,Salaried,2019-12-19,MA,2026-08-01,2026-08-15,2026-08-20,34.95,72690.79,80.0,0.0,0.0,3028.78,0.0,0.0,1250.0,0.0,0.0,4278.78,151.44,120.0,65.0,200.0,536.44,3742.34,648.13,232.03,54.26,187.12,33.68,1155.22,0.0,0.0,0.0,2587.12,232.03,54.26,1.75,101.04,121.15,300.0,5089.01,Direct Deposit,*****3327
EMP-1014,Edward,Rivera,Customer Support,Customer Success Manager,CC-CUS-102,Contractor,Hourly,2023-03-25,MA,2026-08-01,2026-08-15,2026-08-20,67.93,0.0,80.0,0.0,0.0,5434.4,0.0,0.0,0.0,0.0,0.0,5434.4,0.0,0.0,0.0,0.0,0.0,5434.4,0.0,0.0,0.0,0.0,0.0,0.0,0.0,0.0,0.0,5434.4,0.0,0.0,0.0,0.0,0.0,0.0,5434.4,Direct Deposit,*****7709
EMP-1015,John,Flores,Engineering,Sr. Software Engineer,CC-ENG-101,Full-Time,Salaried,2021-09-24,NY,2026-08-01,2026-08-15,2026-08-20,38.07,79193.89,80.0,0.0,0.0,3299.75,0.0,0.0,0.0,0.0,75.0,3374.75,0.0,250.0,25.0,0.0,275.0,3024.75,404.05,187.53,43.86,196.61,27.22,859.27,0.0,0.0,0.0,2240.48,187.53,43.86,1.75,81.67,0.0,625.0,4314.56,Direct Deposit,*****3950
EMP-1016,Emily,Hall,Engineering,DevOps Engineer,CC-ENG-101,Full-Time,Salaried,2023-09-09,TX,2026-08-01,2026-08-15,2026-08-20,40.58,84412.89,80.0,0.0,0.0,3517.2,0.0,0.0,0.0,0.0,0.0,3517.2,0.0,120.0,25.0,0.0,145.0,3372.2,496.61,209.08,48.9,0.0,30.35,784.94,109.34,0.0,109.34,2477.92,209.08,48.9,1.75,91.05,0.0,300.0,4167.98,Direct Deposit,*****3491
EMP-1017,Paul,Davis,Finance & Legal,Legal Counsel,CC-FIN-301,Contractor,Hourly,2023-04-07,FL,2026-08-01,2026-08-15,2026-08-20,108.15,0.0,80.0,0.0,0.0,8652.0,0.0,0.0,0.0,0.0,0.0,8652.0,0.0,0.0,0.0,0.0,0.0,8652.0,0.0,0.0,0.0,0.0,0.0,0.0,0.0,0.0,0.0,8652.0,0.0,0.0,0.0,0.0,0.0,0.0,8652.0,Direct Deposit,*****5465
EMP-1018,Carol,Robinson,Engineering,Tech Lead,CC-ENG-101,Full-Time,Salaried,2020-12-10,NY,2026-08-01,2026-08-15,2026-08-20,54.47,113295.6,80.0,0.0,0.0,4720.65,0.0,0.0,0.0,1000.0,75.0,5795.65,286.03,120.0,0.0,0.0,406.03,5314.62,637.86,329.51,77.06,345.45,47.83,1437.71,0.0,0.0,0.0,3951.91,329.51,77.06,1.75,143.49,188.83,300.0,6836.29,Direct Deposit,*****8404
EMP-1019,James,Thomas,Sales,BDR,CC-SAL-102,Full-Time,Salaried,2020-01-25,TX,2026-08-01,2026-08-15,2026-08-20,39.97,83138.22,80.0,0.0,0.0,3464.09,0.0,0.0,2800.0,0.0,0.0,6264.09,0.0,0.0,45.0,50.0,95.0,6169.09,850.93,382.48,89.45,0.0,55.52,1378.38,0.0,0.0,0.0,4790.71,382.48,89.45,1.75,166.57,0.0,0.0,6904.34,Direct Deposit,*****8421
EMP-1020,Andrew,Thompson,Engineering,DevOps Engineer,CC-ENG-301,Full-Time,Hourly,2019-07-14,NC,2026-08-01,2026-08-15,2026-08-20,43.74,0.0,80.0,0.0,0.0,3499.2,0.0,0.0,0.0,0.0,0.0,3499.2,174.96,420.0,25.0,0.0,619.96,2879.24,436.1,178.51,41.75,136.76,25.91,819.03,0.0,0.0,0.0,2060.21,178.51,41.75,1.75,77.74,139.97,1050.0,4988.92,Direct Deposit,*****6732
EMP-1021,John,Smith,Customer Support,Support Tier 2,CC-CUS-101,Full-Time,Salaried,2025-07-27,IL,2026-08-01,2026-08-15,2026-08-20,40.64,84521.84,80.0,0.0,0.0,3521.74,0.0,0.0,0.0,0.0,75.0,3596.74,105.65,250.0,25.0,50.0,430.65,3091.09,393.34,191.65,44.82,153.01,27.82,810.64,0.0,0.0,0.0,2355.45,191.65,44.82,1.75,83.46,105.65,625.0,4649.07,Direct Deposit,*****1825
EMP-1022,Deborah,Hall,Customer Support,Support Lead,CC-CUS-101,Full-Time,Salaried,2024-07-01,NY,2026-08-01,2026-08-15,2026-08-20,79.35,165051.22,80.0,0.0,0.0,6877.13,0.0,0.0,0.0,0.0,0.0,6877.13,412.63,0.0,25.0,0.0,437.63,6439.5,1090.65,399.25,93.37,418.57,57.96,2059.8,0.0,0.0,0.0,4379.7,399.25,93.37,1.75,173.87,275.09,0.0,7820.46,Direct Deposit,*****4766
EMP-1023,Daniel,Harris,Engineering,DevOps Engineer,CC-ENG-101,Part-Time,Hourly,2020-07-28,FL,2026-08-01,2026-08-15,2026-08-20,32.56,0.0,56.9,0.0,0.0,1852.66,0.0,0.0,0.0,0.0,0.0,1852.66,185.27,0.0,25.0,200.0,410.27,1442.39,253.93,89.43,20.91,0.0,12.98,377.25,0.0,0.0,0.0,1065.14,89.43,20.91,1.75,38.94,74.11,0.0,2077.8,Direct Deposit,*****5980
EMP-1024,Steven,Lopez,Product,UI/UX Designer,CC-PRO-102,Full-Time,Salaried,2023-02-25,CA,2026-08-01,2026-08-15,2026-08-20,57.94,120510.39,80.0,0.0,0.0,5021.27,0.0,0.0,0.0,1000.0,300.0,6321.27,0.0,250.0,25.0,50.0,325.0,5696.27,1011.04,353.17,82.6,455.7,51.27,1953.78,0.0,0.0,0.0,4042.49,353.17,82.6,1.75,153.8,0.0,625.0,7537.59,Direct Deposit,*****2542
EMP-1025,Richard,Flores,Engineering,Sr. Software Engineer,CC-ENG-102,Part-Time,Salaried,2023-01-06,IL,2026-08-01,2026-08-15,2026-08-20,36.13,75159.82,47.4,0.0,0.0,3131.66,0.0,0.0,0.0,250.0,150.0,3531.66,101.45,420.0,25.0,0.0,546.45,2835.21,444.15,175.78,41.11,140.34,25.52,826.9,0.0,0.0,0.0,2158.31,175.78,41.11,1.75,76.55,101.45,1050.0,4978.3,Direct Deposit,*****5186
EMP-1026,Betty,Jackson,Engineering,Tech Lead,CC-ENG-102,Full-Time,Salaried,2024-04-14,FL,2026-08-01,2026-08-15,2026-08-20,88.6,184291.49,80.0,0.0,0.0,7678.81,0.0,0.0,0.0,0.0,75.0,7753.81,460.73,250.0,45.0,0.0,755.73,6923.08,913.97,429.23,100.38,0.0,62.31,1505.89,0.0,0.0,0.0,5492.19,429.23,100.38,1.75,186.92,307.15,625.0,9404.24,Direct Deposit,*****1928
EMP-1027,Jennifer,Baker,Customer Support,Support Agent,CC-CUS-201,Full-Time,Salaried,2023-02-20,NC,2026-08-01,2026-08-15,2026-08-20,59.88,124542.71,80.0,0.0,0.0,5189.28,0.0,0.0,0.0,0.0,0.0,5189.28,622.71,250.0,45.0,50.0,967.71,4221.57,575.67,261.74,61.21,200.52,37.99,1137.13,0.0,0.0,0.0,3084.44,261.74,61.21,1.75,113.98,207.57,625.0,6460.53,Direct Deposit,*****3703
EMP-1028,David,Lopez,Customer Support,Support Lead,CC-CUS-101,Part-Time,Salaried,2024-07-09,IL,2026-08-01,2026-08-15,2026-08-20,70.22,146059.55,35.6,0.0,0.0,6085.81,0.0,0.0,0.0,0.0,0.0,6085.81,304.29,0.0,65.0,200.0,569.29,5516.52,859.77,342.02,79.99,273.07,49.65,1604.5,0.0,0.0,0.0,3912.02,342.02,79.99,1.75,148.95,243.43,0.0,6901.95,Direct Deposit,*****8891
EMP-1029,Margaret,Mitchell,Engineering,DevOps Engineer,CC-ENG-201,Full-Time,Salaried,2025-04-13,NY,2026-08-01,2026-08-15,2026-08-20,47.01,97775.57,80.0,0.0,0.0,4073.98,0.0,0.0,0.0,250.0,0.0,4323.98,432.4,250.0,0.0,0.0,682.4,3641.58,590.69,225.78,52.8,236.7,32.77,1138.74,0.0,0.0,0.0,2502.84,225.78,52.8,1.75,98.32,162.96,625.0,5490.59,Wire,N/A
EMP-1030,Christopher,Sanchez,Sales,Sr. Account Executive,CC-SAL-101,Full-Time,Salaried,2022-04-14,CA,2026-08-01,2026-08-15,2026-08-20,41.81,86963.27,80.0,0.0,0.0,3623.47,0.0,0.0,500.0,0.0,150.0,4273.47,217.41,420.0,65.0,0.0,702.41,3421.06,552.57,212.11,49.61,273.68,30.79,1118.76,0.0,0.0,0.0,2452.3,212.11,49.61,1.75,92.37,144.94,1050.0,5824.25,Direct Deposit,*****8245
EMP-1031,Dorothy,Smith,Customer Support,Support Agent,CC-CUS-201,Full-Time,Hourly,2025-02-13,CA,2026-08-01,2026-08-15,2026-08-20,23.55,0.0,80.0,0.0,0.0,1884.0,0.0,0.0,0.0,0.0,0.0,1884.0,113.04,120.0,45.0,200.0,478.04,1405.96,150.54,87.17,20.39,112.48,12.65,383.23,0.0,0.0,0.0,1022.73,87.17,20.39,1.75,37.96,75.36,300.0,2406.63,Direct Deposit,*****3814
EMP-1032,Daniel,Anderson,Operations,Operations Manager,CC-OPE-102,Full-Time,Salaried,2025-02-27,MA,2026-08-01,2026-08-15,2026-08-20,61.41,127728.29,80.0,0.0,0.0,5322.01,0.0,0.0,0.0,0.0,0.0,5322.01,266.1,120.0,25.0,100.0,511.1,4810.91,615.13,298.28,69.76,240.55,43.3,1267.02,0.0,0.0,0.0,3543.89,298.28,69.76,1.75,129.89,212.88,300.0,6334.57,Direct Deposit,*****6115
EMP-1033,Carol,Taylor,Customer Support,Support Lead,CC-CUS-201,Full-Time,Salaried,2022-08-23,CA,2026-08-01,2026-08-15,2026-08-20,69.02,143571.77,80.0,0.0,0.0,5982.16,0.0,0.0,0.0,0.0,300.0,6282.16,299.11,120.0,45.0,0.0,464.11,5518.05,585.29,342.12,80.01,441.44,49.66,1498.52,0.0,0.0,0.0,4319.53,342.12,80.01,1.75,148.99,239.29,300.0,7394.32,Direct Deposit,*****7238
EMP-1034,Jessica,Davis,Engineering,Engineering Manager,CC-ENG-102,Full-Time,Salaried,2021-03-07,TX,2026-08-01,2026-08-15,2026-08-20,85.09,176980.69,80.0,0.0,0.0,7374.2,0.0,0.0,0.0,1000.0,75.0,8449.2,251.23,250.0,25.0,0.0,526.23,7847.97,804.77,435.55,113.8,0.0,70.63,1424.75,0.0,0.0,0.0,6498.22,435.55,113.8,1.75,211.9,251.23,625.0,10088.43,Direct Deposit,*****1523
EMP-1035,Dorothy,King,Engineering,Sr. Software Engineer,CC-ENG-102,Full-Time,Salaried,2020-01-23,MA,2026-08-01,2026-08-15,2026-08-20,31.4,65314.34,80.0,0.0,0.0,2721.43,0.0,0.0,0.0,250.0,150.0,3121.43,0.0,120.0,45.0,50.0,215.0,2756.43,316.33,170.9,39.97,137.82,24.81,689.83,0.0,0.0,0.0,2216.6,170.9,39.97,1.75,74.42,0.0,300.0,3708.47,Direct Deposit,*****9150
EMP-1036,Lisa,Johnson,Finance & Legal,Finance Manager,CC-FIN-102,Full-Time,Salaried,2023-07-12,TX,2026-08-01,2026-08-15,2026-08-20,108.84,226376.89,80.0,0.0,0.0,9432.37,0.0,0.0,0.0,0.0,0.0,9432.37,0.0,120.0,25.0,0.0,145.0,9287.37,1128.78,435.55,134.67,0.0,83.59,1782.59,0.0,464.37,464.37,7040.41,435.55,134.67,1.75,250.76,0.0,300.0,10555.1,Direct Deposit,*****7229
EMP-1037,Amanda,Harris,Operations,COO,CC-OPE-201,Full-Time,Salaried,2026-03-02,CA,2026-08-01,2026-08-15,2026-08-20,84.04,174797.49,80.0,0.0,0.0,7283.23,0.0,0.0,0.0,0.0,0.0,7283.23,364.16,250.0,25.0,0.0,639.16,6644.07,815.24,411.93,96.34,531.53,59.8,1914.84,0.0,0.0,0.0,4729.23,411.93,96.34,1.75,179.39,291.33,625.0,8888.97,Direct Deposit,*****2761
EMP-1038,Brian,Garcia,Marketing,Marketing Specialist,CC-MAR-102,Full-Time,Salaried,2019-12-26,WA,2026-08-01,2026-08-15,2026-08-20,44.09,91707.64,80.0,0.0,0.0,3821.15,0.0,0.0,0.0,250.0,0.0,4071.15,244.27,0.0,45.0,0.0,289.27,3781.88,383.71,234.48,54.84,0.0,34.04,707.07,0.0,0.0,0.0,3074.81,234.48,54.84,1.75,102.11,152.85,0.0,4617.18,Wire,N/A
EMP-1039,Mary,Martin,Customer Support,Support Lead,CC-CUS-101,Full-Time,Salaried,2026-01-10,CA,2026-08-01,2026-08-15,2026-08-20,83.56,173797.34,80.0,0.0,0.0,7241.56,0.0,0.0,0.0,0.0,75.0,7316.56,434.49,250.0,25.0,100.0,809.49,6432.07,748.73,398.79,93.27,514.57,57.89,1813.25,0.0,0.0,0.0,4693.82,398.79,93.27,1.75,173.67,289.66,625.0,8898.7,Direct Deposit,*****9915
EMP-1040,Karen,Carter,Sales,Sales Executive,CC-SAL-101,Full-Time,Salaried,2025-06-22,WA,2026-08-01,2026-08-15,2026-08-20,33.67,70033.58,80.0,0.0,0.0,2918.07,0.0,0.0,500.0,0.0,0.0,3418.07,87.54,0.0,0.0,200.0,287.54,3130.53,393.78,194.09,45.39,0.0,28.17,661.43,0.0,0.0,0.0,2469.1,194.09,45.39,1.75,84.52,87.54,0.0,3831.36,Direct Deposit,*****3832
EMP-1041,David,Anderson,Sales,Sr. Account Executive,CC-SAL-201,Full-Time,Hourly,2021-12-15,WA,2026-08-01,2026-08-15,2026-08-20,35.48,0.0,80.0,8.5,3.0,2838.4,452.37,212.88,500.0,0.0,150.0,4153.65,170.3,0.0,45.0,100.0,315.3,3688.35,590.28,228.68,53.48,0.0,33.2,905.64,0.0,0.0,0.0,2932.71,228.68,53.48,1.75,99.59,113.54,0.0,4650.69,Direct Deposit,*****3898
EMP-1042,Susan,Sanchez,Customer Support,Support Agent,CC-CUS-201,Part-Time,Hourly,2020-07-01,NY,2026-08-01,2026-08-15,2026-08-20,36.49,0.0,41.3,0.0,0.0,1507.04,0.0,0.0,0.0,0.0,0.0,1507.04,90.42,250.0,25.0,100.0,465.42,1041.62,136.15,64.58,15.1,67.71,9.37,292.91,0.0,0.0,0.0,748.71,64.58,15.1,1.75,28.12,60.28,625.0,2301.87,Direct Deposit,*****5018
EMP-1043,Jennifer,Garcia,Product,UI/UX Designer,CC-PRO-201,Full-Time,Hourly,2022-04-27,FL,2026-08-01,2026-08-15,2026-08-20,42.46,0.0,80.0,0.0,0.0,3396.8,0.0,0.0,0.0,0.0,0.0,3396.8,101.9,120.0,45.0,0.0,266.9,3129.9,455.69,194.05,45.38,0.0,28.17,723.29,0.0,0.0,0.0,2406.61,194.05,45.38,1.75,84.51,101.9,300.0,4124.39,Direct Deposit,*****7028
EMP-1044,George,Scott,Sales,Sales Director,CC-SAL-102,Full-Time,Salaried,2020-08-12,FL,2026-08-01,2026-08-15,2026-08-20,98.03,203892.83,80.0,0.0,0.0,8495.53,0.0,0.0,1250.0,0.0,75.0,9820.53,424.78,120.0,25.0,0.0,569.78,9175.75,1584.43,435.55,133.05,0.0,82.58,2235.61,0.0,0.0,0.0,7015.14,435.55,133.05,1.75,247.75,339.82,300.0,11278.45,Direct Deposit,*****1814
EMP-1045,Dorothy,Nelson,Engineering,QA Engineer,CC-ENG-102,Full-Time,Salaried,2023-08-27,CA,2026-08-01,2026-08-15,2026-08-20,56.1,116688.05,80.0,0.0,0.0,4862.0,0.0,0.0,0.0,1000.0,0.0,5862.0,293.1,420.0,45.0,0.0,758.1,5103.9,745.7,316.44,74.01,408.31,45.94,1590.4,0.0,0.0,0.0,3513.5,316.44,74.01,1.75,137.81,194.48,1050.0,7636.49,Direct Deposit,*****8196
EMP-1046,Michelle,Green,Customer Support,Customer Success Manager,CC-CUS-101,Full-Time,Salaried,2021-11-13,IL,2026-08-01,2026-08-15,2026-08-20,63.23,131517.67,80.0,0.0,0.0,5479.9,0.0,0.0,0.0,0.0,75.0,5554.9,164.4,120.0,25.0,50.0,359.4,5120.5,667.43,317.47,74.25,253.46,46.08,1358.69,0.0,0.0,0.0,3836.81,317.47,74.25,1.75,138.25,164.4,300.0,6551.02,Direct Deposit,*****7456
EMP-1047,Betty,Green,Engineering,Engineering Manager,CC-ENG-101,Full-Time,Salaried,2020-07-15,WA,2026-08-01,2026-08-15,2026-08-20,74.53,155024.98,80.0,0.0,0.0,6459.37,0.0,0.0,0.0,0.0,75.0,6534.37,322.97,120.0,25.0,0.0,467.97,5991.4,683.68,371.47,86.88,0.0,53.92,1195.95,0.0,0.0,0.0,4870.45,371.47,86.88,1.75,161.77,258.37,300.0,7714.61,Direct Deposit,*****6975
EMP-1048,Edward,Lewis,Marketing,Growth Manager,CC-MAR-301,Full-Time,Salaried,2022-04-06,CA,2026-08-01,2026-08-15,2026-08-20,64.01,133144.68,80.0,0.0,0.0,5547.69,0.0,0.0,0.0,1000.0,0.0,6547.69,327.38,0.0,65.0,0.0,392.38,6155.31,908.71,381.63,89.25,492.42,55.4,1927.41,0.0,0.0,0.0,4227.9,381.63,89.25,1.75,166.19,221.91,0.0,7408.42,Direct Deposit,*****9058
EMP-1049,Charles,Young,Sales,Sales Executive,CC-SAL-102,Full-Time,Salaried,2025-07-26,NC,2026-08-01,2026-08-15,2026-08-20,30.9,64271.06,80.0,0.0,0.0,2677.96,0.0,0.0,2800.0,0.0,0.0,5477.96,133.9,120.0,25.0,0.0,278.9,5199.06,595.57,322.34,75.39,246.96,46.79,1287.05,0.0,0.0,0.0,3912.01,322.34,75.39,1.75,140.37,107.12,300.0,6424.93,Direct Deposit,*****5873
EMP-1050,Charles,Rivera,Sales,Sales Executive,CC-SAL-301,Full-Time,Hourly,2021-05-10,NY,2026-08-01,2026-08-15,2026-08-20,35.46,0.0,80.0,0.0,0.0,2836.8,0.0,0.0,0.0,0.0,0.0,2836.8,85.1,250.0,45.0,0.0,380.1,2456.7,387.34,152.32,35.62,159.69,22.11,757.08,0.0,0.0,0.0,1699.62,152.32,35.62,1.75,66.33,85.1,625.0,3802.92,Wire,N/A
EMP-1051,Dorothy,Nelson,Customer Support,Support Lead,CC-CUS-201,Full-Time,Salaried,2019-06-17,WA,2026-08-01,2026-08-15,2026-08-20,71.21,148109.2,80.0,0.0,0.0,6171.22,0.0,0.0,0.0,250.0,0.0,6421.22,0.0,120.0,0.0,0.0,120.0,6301.22,924.03,390.68,91.37,0.0,56.71,1462.79,0.0,0.0,0.0,4838.43,390.68,91.37,1.75,170.13,0.0,300.0,7375.15,Direct Deposit,*****7035
EMP-1052,Carol,Johnson,Sales,Sales Director,CC-SAL-101,Full-Time,Salaried,2024-02-23,WA,2026-08-01,2026-08-15,2026-08-20,101.25,210598.49,80.0,0.0,0.0,8774.94,0.0,0.0,500.0,250.0,0.0,9524.94,1082.99,250.0,0.0,0.0,1332.99,8191.95,1464.96,435.55,118.78,0.0,73.73,2093.02,0.0,0.0,0.0,6098.93,435.55,118.78,1.75,221.18,351.0,625.0,11278.2,Direct Deposit,*****4186
EMP-1053,Susan,Rodriguez,Sales,BDR,CC-SAL-101,Full-Time,Hourly,2021-06-21,WA,2026-08-01,2026-08-15,2026-08-20,54.49,0.0,80.0,0.0,0.0,4359.2,0.0,0.0,500.0,0.0,150.0,5009.2,0.0,250.0,25.0,0.0,275.0,4584.2,697.32,284.22,66.47,0.0,41.26,1089.27,0.0,0.0,0.0,3644.93,284.22,66.47,1.75,123.77,0.0,625.0,6110.41,Direct Deposit,*****3074
EMP-1054,Mark,Garcia,Finance & Legal,Staff Accountant,CC-FIN-201,Full-Time,Salaried,2020-10-05,IL,2026-08-01,2026-08-15,2026-08-20,57.42,119436.78,80.0,0.0,0.0,4976.53,0.0,0.0,0.0,0.0,0.0,4976.53,248.83,0.0,0.0,50.0,298.83,4677.7,498.75,290.02,67.83,231.55,42.1,1130.25,0.0,0.0,0.0,3547.45,290.02,67.83,1.75,126.3,199.06,0.0,5661.49,Direct Deposit,*****9340
EMP-1055,Michelle,Hernandez,Sales,Sales Executive,CC-SAL-101,Full-Time,Hourly,2018-09-15,TX,2026-08-01,2026-08-15,2026-08-20,35.09,0.0,80.0,12.0,0.0,2807.2,631.62,0.0,500.0,0.0,0.0,3938.82,0.0,250.0,45.0,200.0,495.0,3443.82,387.0,213.52,49.94,0.0,30.99,681.45,0.0,0.0,0.0,2762.37,213.52,49.94,1.75,92.98,0.0,625.0,4922.01,Direct Deposit,*****3343
EMP-1056,James,Harris,Finance & Legal,Staff Accountant,CC-FIN-201,Full-Time,Hourly,2025-12-28,NY,2026-08-01,2026-08-15,2026-08-20,44.92,0.0,80.0,0.0,0.0,3593.6,0.0,0.0,0.0,0.0,0.0,3593.6,359.36,0.0,65.0,0.0,424.36,3169.24,363.86,196.49,45.95,206.0,28.52,840.82,0.0,0.0,0.0,2328.42,196.49,45.95,1.75,85.57,143.74,0.0,4067.1,Direct Deposit,*****6895
EMP-1057,Christopher,Taylor,Human Resources,HR Business Partner,CC-HUM-102,Full-Time,Hourly,2022-12-31,CA,2026-08-01,2026-08-15,2026-08-20,43.34,0.0,80.0,0.0,0.0,3467.2,0.0,0.0,0.0,0.0,0.0,3467.2,173.36,420.0,25.0,0.0,618.36,2848.84,356.19,176.63,41.31,227.91,25.64,827.68,0.0,0.0,0.0,2021.16,176.63,41.31,1.75,76.92,138.69,1050.0,4952.5,Direct Deposit,*****9007
EMP-1058,Daniel,Lewis,Sales,Sales Director,CC-SAL-102,Full-Time,Salaried,2025-04-01,TX,2026-08-01,2026-08-15,2026-08-20,104.69,217759.01,80.0,0.0,0.0,9073.29,0.0,0.0,0.0,0.0,0.0,9073.29,0.0,0.0,45.0,0.0,45.0,9028.29,1426.3,435.55,130.91,0.0,81.25,2074.01,0.0,0.0,0.0,6954.28,435.55,130.91,1.75,243.76,0.0,0.0,9885.26,Direct Deposit,*****6468
EMP-1059,Matthew,Gonzalez,Marketing,CMO,CC-MAR-301,Full-Time,Salaried,2023-04-02,WA,2026-08-01,2026-08-15,2026-08-20,78.98,164275.79,80.0,0.0,0.0,6844.82,0.0,0.0,0.0,0.0,300.0,7144.82,0.0,120.0,25.0,100.0,245.0,6599.82,696.96,409.19,95.7,0.0,59.4,1261.25,113.17,329.99,443.16,5195.41,409.19,95.7,1.75,178.2,0.0,300.0,8129.66,Direct Deposit,*****1271
EMP-1060,Amanda,Campbell,Sales,Sales Executive,CC-SAL-101,Full-Time,Hourly,2025-06-02,IL,2026-08-01,2026-08-15,2026-08-20,22.11,0.0,80.0,0.0,0.0,1768.8,0.0,0.0,2800.0,0.0,0.0,4568.8,53.06,420.0,0.0,0.0,473.06,4095.74,537.9,253.94,59.39,202.74,36.86,1090.83,0.0,0.0,0.0,3004.91,253.94,59.39,1.75,110.58,53.06,1050.0,6097.52,Check,N/A
EMP-1061,Andrew,Nelson,Marketing,Content Lead,CC-MAR-101,Part-Time,Salaried,2022-09-20,NC,2026-08-01,2026-08-15,2026-08-20,82.1,170762.2,48.4,0.0,0.0,7115.09,0.0,0.0,0.0,0.0,300.0,7415.09,213.45,420.0,45.0,50.0,728.45,6386.64,900.61,395.97,92.61,303.37,57.48,1750.04,0.0,0.0,0.0,4936.6,395.97,92.61,1.75,172.44,213.45,1050.0,9341.31,Direct Deposit,*****3265
EMP-1062,Edward,Williams,Operations,Operations Associate,CC-OPE-102,Full-Time,Salaried,2024-05-11,CA,2026-08-01,2026-08-15,2026-08-20,47.51,98822.81,80.0,0.0,0.0,4117.62,0.0,0.0,0.0,0.0,0.0,4117.62,205.88,120.0,65.0,100.0,490.88,3626.74,497.12,224.86,52.59,290.14,32.64,1097.35,0.0,0.0,0.0,2529.39,224.86,52.59,1.75,97.92,164.7,300.0,4959.44,Direct Deposit,*****5675
EMP-1063,Andrew,King,Sales,Sr. Account Executive,CC-SAL-102,Full-Time,Hourly,2023-01-05,CA,2026-08-01,2026-08-15,2026-08-20,23.17,0.0,80.0,0.0,1.0,1853.6,0.0,46.34,1250.0,0.0,0.0,3149.94,0.0,250.0,0.0,0.0,250.0,2899.94,513.2,179.8,42.05,232.0,26.1,993.15,0.0,0.0,0.0,1906.79,179.8,42.05,1.75,78.3,0.0,625.0,4076.84,Wire,N/A
EMP-1064,Michelle,Hall,Sales,BDR,CC-SAL-102,Part-Time,Salaried,2022-08-30,NC,2026-08-01,2026-08-15,2026-08-20,45.84,95345.63,55.9,0.0,0.0,3972.73,0.0,0.0,1250.0,0.0,150.0,5372.73,119.18,120.0,0.0,0.0,239.18,4983.55,593.52,308.98,72.26,236.72,44.85,1256.33,0.0,0.0,0.0,3877.22,308.98,72.26,1.75,134.56,119.18,300.0,6309.46,Direct Deposit,*****4738
EMP-1065,Michael,Jones,Operations,Operations Manager,CC-OPE-101,Full-Time,Salaried,2023-06-18,MA,2026-08-01,2026-08-15,2026-08-20,53.21,110668.87,80.0,0.0,0.0,4611.2,0.0,0.0,0.0,0.0,0.0,4611.2,461.12,0.0,25.0,50.0,536.12,4075.08,491.84,252.65,59.09,203.75,36.68,1044.01,0.0,0.0,0.0,3031.07,252.65,59.09,1.75,110.03,184.45,0.0,5219.17,Direct Deposit,*****2136
EMP-1066,Thomas,Flores,Product,Product Analyst,CC-PRO-201,Full-Time,Salaried,2019-09-29,TX,2026-08-01,2026-08-15,2026-08-20,37.7,78417.29,80.0,0.0,0.0,3267.39,0.0,0.0,0.0,0.0,0.0,3267.39,196.04,120.0,0.0,50.0,366.04,2901.35,473.22,179.88,42.07,0.0,26.11,721.28,0.0,0.0,0.0,2180.07,179.88,42.07,1.75,78.34,130.7,300.0,4000.13,Direct Deposit,*****8491
EMP-1067,Thomas,Lopez,Engineering,Sr. Software Engineer,CC-ENG-301,Full-Time,Salaried,2026-04-16,NY,2026-08-01,2026-08-15,2026-08-20,55.48,115406.95,80.0,0.0,0.0,4808.62,0.0,0.0,0.0,2500.0,75.0,7383.62,365.43,250.0,25.0,0.0,640.43,6668.19,701.83,413.43,96.69,433.43,60.01,1705.39,0.0,0.0,0.0,5037.8,413.43,96.69,1.75,180.04,192.34,625.0,8892.87,Direct Deposit,*****4356
EMP-1068,Thomas,Wright,Sales,BDR,CC-SAL-201,Full-Time,Hourly,2021-05-10,NY,2026-08-01,2026-08-15,2026-08-20,29.59,0.0,80.0,0.0,0.0,2367.2,0.0,0.0,4500.0,0.0,75.0,6942.2,236.72,420.0,65.0,50.0,771.72,6095.48,825.23,377.92,88.38,396.21,54.86,1742.6,0.0,0.0,0.0,4427.88,377.92,88.38,1.75,164.58,94.69,1050.0,8719.52,Direct Deposit,*****1933
EMP-1069,Kimberly,Wright,Engineering,Software Engineer,CC-ENG-201,Full-Time,Salaried,2021-05-24,MA,2026-08-01,2026-08-15,2026-08-20,45.82,95310.13,80.0,0.0,0.0,3971.26,0.0,0.0,0.0,0.0,0.0,3971.26,0.0,120.0,25.0,0.0,145.0,3826.26,388.09,237.23,55.48,191.31,34.44,906.55,0.0,0.0,0.0,2919.71,237.23,55.48,1.75,103.31,0.0,300.0,4669.03,Direct Deposit,*****5473
EMP-1070,Karen,Rivera,Sales,Sales Executive,CC-SAL-301,Full-Time,Salaried,2021-03-19,FL,2026-08-01,2026-08-15,2026-08-20,35.89,74660.11,80.0,0.0,0.0,3110.84,0.0,0.0,0.0,0.0,0.0,3110.84,155.54,120.0,65.0,0.0,340.54,2770.3,380.0,171.76,40.17,0.0,24.93,616.86,0.0,0.0,0.0,2153.44,171.76,40.17,1.75,74.8,124.43,300.0,3823.75,Direct Deposit,*****9357
EMP-1071,David,Hall,Finance & Legal,Legal Counsel,CC-FIN-101,Full-Time,Salaried,2022-06-22,TX,2026-08-01,2026-08-15,2026-08-20,32.13,66820.46,80.0,0.0,0.0,2784.19,0.0,0.0,0.0,0.0,300.0,3084.19,0.0,120.0,45.0,50.0,215.0,2569.19,371.95,159.29,37.25,0.0,23.12,591.61,181.62,0.0,181.62,2095.96,159.29,37.25,1.75,69.37,0.0,300.0,3651.85,Direct Deposit,*****2949
EMP-1072,Richard,Sanchez,Sales,Account Executive,CC-SAL-102,Contractor,Hourly,2026-02-07,WA,2026-08-01,2026-08-15,2026-08-20,96.99,0.0,80.0,5.0,0.0,7759.2,727.42,0.0,1250.0,1000.0,0.0,10736.62,0.0,0.0,0.0,0.0,0.0,10736.62,0.0,0.0,0.0,0.0,0.0,0.0,0.0,0.0,0.0,10736.62,0.0,0.0,0.0,0.0,0.0,0.0,10736.62,Direct Deposit,*****3056
EMP-1073,William,Hill,Marketing,Marketing Specialist,CC-MAR-201,Full-Time,Hourly,2022-10-28,NC,2026-08-01,2026-08-15,2026-08-20,48.46,0.0,80.0,0.0,0.0,3876.8,0.0,0.0,0.0,0.0,150.0,4026.8,193.84,250.0,25.0,50.0,518.84,3357.96,477.21,208.19,48.69,159.5,30.22,923.81,0.0,0.0,0.0,2584.15,208.19,48.69,1.75,90.66,155.07,625.0,5156.16,Direct Deposit,*****8179
EMP-1074,Barbara,Gonzalez,Sales,Sr. Account Executive,CC-SAL-201,Full-Time,Hourly,2024-04-18,FL,2026-08-01,2026-08-15,2026-08-20,50.77,0.0,80.0,0.0,0.0,4061.6,0.0,0.0,0.0,0.0,75.0,4136.6,121.85,250.0,25.0,0.0,396.85,3664.75,484.7,227.21,53.14,0.0,32.98,798.03,0.0,0.0,0.0,2941.72,227.21,53.14,1.75,98.95,121.85,625.0,5264.5,Direct Deposit,*****1352
EMP-1075,Barbara,Carter,Operations,Supply Chain Analyst,CC-OPE-102,Full-Time,Salaried,2020-09-04,FL,2026-08-01,2026-08-15,2026-08-20,51.83,107797.77,80.0,0.0,0.0,4491.57,0.0,0.0,0.0,0.0,0.0,4491.57,224.58,250.0,25.0,0.0,499.58,3991.99,525.51,247.5,57.88,0.0,35.93,866.82,0.0,0.0,0.0,3125.17,247.5,57.88,1.75,107.78,179.66,625.0,5711.14,Direct Deposit,*****2394
EMP-1076,Barbara,Williams,Marketing,CMO,CC-MAR-301,Full-Time,Salaried,2024-03-05,NC,2026-08-01,2026-08-15,2026-08-20,78.22,162690.32,80.0,0.0,0.0,6778.76,0.0,0.0,0.0,0.0,75.0,6853.76,203.36,250.0,25.0,0.0,478.36,6300.4,850.39,390.62,91.36,299.27,56.7,1688.34,0.0,0.0,0.0,4687.06,390.62,91.36,1.75,170.11,203.36,625.0,8335.96,Direct Deposit,*****1013
EMP-1077,Kenneth,Harris,Human Resources,Talent Acquisition Lead,CC-HUM-102,Full-Time,Salaried,2020-10-05,FL,2026-08-01,2026-08-15,2026-08-20,69.02,143557.35,80.0,0.0,0.0,5981.56,0.0,0.0,0.0,0.0,0.0,5981.56,358.89,0.0,65.0,0.0,423.89,5557.67,660.72,344.58,80.59,0.0,50.02,1135.91,0.0,0.0,0.0,4421.76,344.58,80.59,1.75,150.06,239.26,0.0,6797.8,Direct Deposit,*****6724
EMP-1078,Barbara,Robinson,Engineering,QA Engineer,CC-ENG-102,Full-Time,Hourly,2021-09-04,FL,2026-08-01,2026-08-15,2026-08-20,27.51,0.0,80.0,0.0,0.0,2200.8,0.0,0.0,0.0,0.0,75.0,2275.8,110.04,250.0,45.0,0.0,405.04,1795.76,304.31,111.34,26.04,0.0,16.16,457.85,0.0,0.0,0.0,1412.91,111.34,26.04,1.75,48.49,88.03,625.0,3176.45,Direct Deposit,*****4953
EMP-1079,Mary,Rodriguez,Sales,Sales Director,CC-SAL-301,Full-Time,Salaried,2020-06-01,TX,2026-08-01,2026-08-15,2026-08-20,81.15,168785.87,80.0,0.0,0.0,7032.74,0.0,0.0,4500.0,0.0,0.0,11532.74,0.0,0.0,65.0,200.0,265.0,11267.74,1131.23,435.55,163.38,0.0,101.41,1831.57,0.0,0.0,0.0,9436.17,435.55,163.38,1.75,304.23,0.0,0.0,12437.65,Direct Deposit,*****6342
EMP-1080,George,Nelson,Sales,Sales Director,CC-SAL-102,Full-Time,Salaried,2020-04-30,NC,2026-08-01,2026-08-15,2026-08-20,61.18,127252.9,80.0,0.0,0.0,5302.2,0.0,0.0,0.0,1000.0,75.0,6377.2,0.0,120.0,45.0,0.0,165.0,6137.2,728.88,380.51,88.99,291.52,55.23,1545.13,0.0,0.0,0.0,4667.07,380.51,88.99,1.75,165.7,0.0,300.0,7314.15,Direct Deposit,*****6238
EMP-1081,Kevin,Martinez,Engineering,Sr. Software Engineer,CC-ENG-101,Full-Time,Hourly,2025-07-09,NC,2026-08-01,2026-08-15,2026-08-20,25.73,0.0,80.0,2.5,1.0,2058.4,96.49,51.46,0.0,0.0,150.0,2356.35,123.5,250.0,25.0,0.0,398.5,1807.85,203.82,112.09,26.21,85.87,16.27,444.26,0.0,0.0,0.0,1513.59,112.09,26.21,1.75,48.81,82.34,625.0,3252.55,Direct Deposit,*****8848
EMP-1082,Melissa,Gonzalez,Operations,Operations Associate,CC-OPE-101,Full-Time,Salaried,2022-08-29,NY,2026-08-01,2026-08-15,2026-08-20,39.07,81257.16,80.0,0.0,0.0,3385.72,0.0,0.0,0.0,0.0,75.0,3460.72,203.14,250.0,25.0,100.0,578.14,2807.58,307.76,174.07,40.71,182.49,25.27,730.3,0.0,0.0,0.0,2152.28,174.07,40.71,1.75,75.8,135.43,625.0,4513.48,Direct Deposit,*****4726
EMP-1083,Barbara,Miller,Marketing,Content Lead,CC-MAR-101,Full-Time,Salaried,2022-04-02,CA,2026-08-01,2026-08-15,2026-08-20,67.73,140880.74,80.0,0.0,0.0,5870.03,0.0,0.0,0.0,0.0,0.0,5870.03,0.0,250.0,45.0,50.0,345.0,5525.03,757.37,342.55,80.11,442.0,49.73,1671.76,0.0,0.0,0.0,3853.27,342.55,80.11,1.75,149.18,0.0,625.0,7068.62,Direct Deposit,*****2177
EMP-1084,Barbara,Jones,Sales,BDR,CC-SAL-102,Full-Time,Salaried,2021-07-09,MA,2026-08-01,2026-08-15,2026-08-20,46.02,95711.93,80.0,0.0,0.0,3988.0,0.0,0.0,1250.0,0.0,0.0,5238.0,239.28,120.0,45.0,0.0,404.28,4833.72,852.54,299.69,70.09,241.69,43.5,1507.51,0.0,0.0,0.0,3326.21,299.69,70.09,1.75,130.51,159.52,300.0,6199.56,Direct Deposit,*****1140
EMP-1085,Charles,King,Engineering,Engineering Manager,CC-ENG-201,Full-Time,Salaried,2019-05-23,TX,2026-08-01,2026-08-15,2026-08-20,110.98,230848.76,80.0,0.0,0.0,9618.7,0.0,0.0,0.0,0.0,0.0,9618.7,0.0,250.0,25.0,200.0,475.0,9143.7,1516.52,435.55,132.58,0.0,82.29,2166.94,0.0,457.19,457.19,6519.57,435.55,132.58,1.75,246.88,0.0,625.0,11060.46,Direct Deposit,*****8052
EMP-1086,Michael,Carter,Marketing,Growth Manager,CC-MAR-101,Part-Time,Salaried,2023-04-26,FL,2026-08-01,2026-08-15,2026-08-20,58.32,121315.07,54.5,0.0,0.0,5054.79,0.0,0.0,0.0,0.0,0.0,5054.79,0.0,0.0,45.0,0.0,45.0,5009.79,738.86,310.61,72.64,0.0,45.09,1167.2,0.0,0.0,0.0,3842.59,310.61,72.64,1.75,135.26,0.0,0.0,5575.05,Direct Deposit,*****6752
EMP-1087,Carol,Davis,Finance & Legal,Financial Analyst,CC-FIN-301,Full-Time,Salaried,2022-09-29,FL,2026-08-01,2026-08-15,2026-08-20,54.55,113469.93,80.0,0.0,0.0,4727.91,0.0,0.0,0.0,0.0,75.0,4802.91,0.0,250.0,25.0,0.0,275.0,4452.91,505.14,276.08,64.57,0.0,40.08,885.87,0.0,0.0,0.0,3642.04,276.08,64.57,1.75,120.23,0.0,625.0,5890.54,Direct Deposit,*****9853
EMP-1088,Andrew,Anderson,Engineering,Tech Lead,CC-ENG-102,Full-Time,Salaried,2019-02-16,IL,2026-08-01,2026-08-15,2026-08-20,90.04,187281.92,80.0,0.0,0.0,7803.41,0.0,0.0,0.0,0.0,300.0,8103.41,0.0,250.0,25.0,0.0,275.0,7528.41,1185.03,435.55,109.16,372.66,67.76,2170.16,0.0,0.0,0.0,5658.25,435.55,109.16,1.75,203.27,0.0,625.0,9478.14,Direct Deposit,*****6699
EMP-1089,Donna,Adams,Customer Support,Support Agent,CC-CUS-101,Full-Time,Hourly,2024-04-24,IL,2026-08-01,2026-08-15,2026-08-20,28.33,0.0,80.0,0.0,0.0,2266.4,0.0,0.0,0.0,0.0,0.0,2266.4,113.32,0.0,45.0,0.0,158.32,2108.08,301.88,130.7,30.57,104.35,18.97,586.47,0.0,0.0,0.0,1521.61,130.7,30.57,1.75,56.92,90.66,0.0,2577.0,Direct Deposit,*****8979
EMP-1090,John,Perez,Human Resources,Talent Acquisition Lead,CC-HUM-101,Full-Time,Salaried,2019-01-23,CA,2026-08-01,2026-08-15,2026-08-20,115.1,239412.46,80.0,0.0,0.0,9975.52,0.0,0.0,0.0,0.0,0.0,9975.52,498.78,0.0,65.0,50.0,613.78,9361.74,1501.5,435.55,135.75,748.94,84.26,2906.0,0.0,0.0,0.0,6455.74,435.55,135.75,1.75,252.77,399.02,0.0,11200.36,Direct Deposit,*****7813
EMP-1091,Jessica,Lopez,Product,Product Analyst,CC-PRO-101,Contractor,Hourly,2019-05-02,NC,2026-08-01,2026-08-15,2026-08-20,73.69,0.0,80.0,0.0,3.0,5895.2,0.0,442.14,0.0,0.0,75.0,6412.34,0.0,0.0,0.0,0.0,0.0,6337.34,0.0,0.0,0.0,0.0,0.0,0.0,0.0,0.0,0.0,6412.34,0.0,0.0,0.0,0.0,0.0,0.0,6412.34,Direct Deposit,*****3368
EMP-1092,Sandra,Lee,Engineering,DevOps Engineer,CC-ENG-102,Full-Time,Salaried,2021-07-06,NC,2026-08-01,2026-08-15,2026-08-20,54.66,113694.4,80.0,0.0,0.0,4737.27,0.0,0.0,0.0,0.0,75.0,4812.27,0.0,120.0,25.0,0.0,145.0,4592.27,491.43,284.72,66.59,218.13,41.33,1102.2,0.0,0.0,0.0,3565.07,284.72,66.59,1.75,123.99,0.0,300.0,5589.32,Direct Deposit,*****6299
EMP-1093,Daniel,Sanchez,Marketing,Content Lead,CC-MAR-301,Full-Time,Salaried,2025-03-28,TX,2026-08-01,2026-08-15,2026-08-20,88.8,184696.36,80.0,0.0,0.0,7695.68,0.0,0.0,0.0,0.0,0.0,7695.68,384.78,120.0,25.0,50.0,579.78,7115.9,1095.45,435.55,103.18,0.0,64.04,1698.22,0.0,0.0,0.0,5417.68,435.55,103.18,1.75,192.13,307.83,300.0,9036.12,Direct Deposit,*****4138
EMP-1094,Michael,Wilson,Engineering,QA Engineer,CC-ENG-102,Full-Time,Salaried,2025-12-29,TX,2026-08-01,2026-08-15,2026-08-20,59.33,123414.66,80.0,0.0,0.0,5142.28,0.0,0.0,0.0,0.0,75.0,5217.28,0.0,420.0,65.0,0.0,485.0,4657.28,691.61,288.75,67.53,0.0,41.92,1089.81,0.0,0.0,0.0,3642.47,288.75,67.53,1.75,125.75,0.0,1050.0,6751.06,Direct Deposit,*****2960
EMP-1095,Matthew,Gonzalez,Sales,BDR,CC-SAL-102,Full-Time,Hourly,2024-11-17,MA,2026-08-01,2026-08-15,2026-08-20,40.13,0.0,80.0,12.0,0.0,3210.4,722.34,0.0,500.0,0.0,0.0,4432.74,0.0,250.0,25.0,50.0,325.0,4107.74,624.44,254.68,59.56,205.39,36.97,1181.04,0.0,205.39,205.39,2721.31,254.68,59.56,1.75,110.91,0.0,625.0,5484.64,Direct Deposit,*****7488
EMP-1096,David,Roberts,Engineering,Software Engineer,CC-ENG-102,Full-Time,Salaried,2023-04-11,IL,2026-08-01,2026-08-15,2026-08-20,38.32,79712.88,80.0,0.0,0.0,3321.37,0.0,0.0,0.0,0.0,75.0,3396.37,0.0,250.0,65.0,100.0,415.0,2906.37,433.68,180.19,42.14,143.87,26.16,826.04,0.0,0.0,0.0,2155.33,180.19,42.14,1.75,78.47,0.0,625.0,4323.92,Direct Deposit,*****4302
EMP-1097,Andrew,Wright,Sales,Sales Director,CC-SAL-101,Full-Time,Salaried,2019-07-01,IL,2026-08-01,2026-08-15,2026-08-20,77.08,160320.24,80.0,0.0,0.0,6680.01,0.0,0.0,4500.0,0.0,0.0,11180.01,334.0,250.0,25.0,50.0,659.0,10521.01,1211.76,435.55,152.55,520.79,94.69,2415.34,0.0,0.0,0.0,8105.67,435.55,152.55,1.75,284.07,267.2,625.0,12946.13,Direct Deposit,*****9433
EMP-1098,Christopher,Moore,Engineering,Engineering Manager,CC-ENG-102,Full-Time,Salaried,2024-12-27,FL,2026-08-01,2026-08-15,2026-08-20,93.27,193991.72,80.0,0.0,0.0,8082.99,0.0,0.0,0.0,0.0,0.0,8082.99,0.0,0.0,45.0,0.0,45.0,8037.99,1222.87,435.55,116.55,0.0,72.34,1847.31,0.0,0.0,0.0,6190.68,435.55,116.55,1.75,217.03,0.0,0.0,8853.87,Direct Deposit,*****7164
EMP-1099,Richard,Carter,Customer Support,Support Agent,CC-CUS-201,Full-Time,Hourly,2025-03-09,CA,2026-08-01,2026-08-15,2026-08-20,24.52,0.0,80.0,0.0,1.0,1961.6,0.0,49.04,0.0,0.0,75.0,2085.64,117.7,120.0,25.0,0.0,262.7,1747.94,206.53,108.37,25.35,139.84,15.73,495.82,0.0,0.0,0.0,1327.12,108.37,25.35,1.75,47.19,78.46,300.0,2646.76,Direct Deposit,*****8340
EMP-1100,Robert,Young,Customer Support,Customer Success Manager,CC-CUS-201,Full-Time,Salaried,2024-01-14,NC,2026-08-01,2026-08-15,2026-08-20,58.18,121022.96,80.0,0.0,0.0,5042.62,0.0,0.0,0.0,0.0,0.0,5042.62,0.0,0.0,65.0,50.0,115.0,4927.62,632.02,305.51,71.45,234.06,44.35,1287.39,0.0,0.0,0.0,3640.23,305.51,71.45,1.75,133.05,0.0,0.0,5554.38,Direct Deposit,*****6510
EMP-1101,Margaret,Nelson,Sales,BDR,CC-SAL-201,Full-Time,Salaried,2019-04-27,NC,2026-08-01,2026-08-15,2026-08-20,31.43,65370.15,80.0,0.0,0.0,2723.76,0.0,0.0,1250.0,250.0,75.0,4298.76,89.21,420.0,45.0,0.0,554.21,3669.55,441.94,227.51,53.21,174.3,33.03,929.99,0.0,0.0,0.0,2814.56,227.51,53.21,1.75,99.08,89.21,1050.0,5819.52,Direct Deposit,*****9569
EMP-1102,Deborah,Martinez,Operations,COO,CC-OPE-301,Full-Time,Salaried,2024-03-29,WA,2026-08-01,2026-08-15,2026-08-20,83.26,173182.02,80.0,0.0,0.0,7215.92,0.0,0.0,0.0,250.0,0.0,7465.92,373.3,120.0,0.0,0.0,493.3,6972.62,1031.13,432.3,101.1,0.0,62.75,1627.28,0.0,0.0,0.0,5345.34,432.3,101.1,1.75,188.26,288.64,300.0,8777.97,Direct Deposit,*****5941
EMP-1103,Matthew,Roberts,Customer Support,Support Tier 2,CC-CUS-102,Part-Time,Salaried,2024-06-21,CA,2026-08-01,2026-08-15,2026-08-20,37.78,78583.94,54.5,0.0,0.0,3274.33,0.0,0.0,0.0,250.0,75.0,3599.33,352.43,120.0,45.0,0.0,517.43,3006.9,503.23,186.43,43.6,240.55,27.06,1000.87,0.0,0.0,0.0,2081.03,186.43,43.6,1.75,81.19,130.97,300.0,4343.27,Direct Deposit,*****9789
EMP-1104,Kevin,Harris,Customer Support,Support Agent,CC-CUS-301,Full-Time,Salaried,2024-03-29,IL,2026-08-01,2026-08-15,2026-08-20,31.72,65971.61,80.0,0.0,0.0,2748.82,0.0,0.0,0.0,1000.0,0.0,3748.82,0.0,120.0,25.0,50.0,195.0,3553.82,566.74,220.34,51.53,175.91,31.98,1046.5,0.0,177.69,177.69,2329.63,220.34,51.53,1.75,95.95,0.0,300.0,4418.39,Direct Deposit,*****6926
EMP-1105,George,Harris,Finance & Legal,Staff Accountant,CC-FIN-102,Full-Time,Hourly,2020-05-22,FL,2026-08-01,2026-08-15,2026-08-20,54.73,0.0,80.0,0.0,0.0,4378.4,0.0,0.0,0.0,0.0,0.0,4378.4,218.92,250.0,45.0,0.0,513.92,3864.48,496.32,239.6,56.03,0.0,34.78,826.73,0.0,0.0,0.0,3037.75,239.6,56.03,1.75,104.34,175.14,625.0,5580.26,Direct Deposit,*****3649
EMP-1106,Barbara,Taylor,Engineering,Software Engineer,CC-ENG-301,Contractor,Hourly,2019-02-19,NC,2026-08-01,2026-08-15,2026-08-20,56.17,0.0,80.0,0.0,0.0,4493.6,0.0,0.0,0.0,2500.0,0.0,6993.6,0.0,0.0,0.0,0.0,0.0,6993.6,0.0,0.0,0.0,0.0,0.0,0.0,0.0,0.0,0.0,6993.6,0.0,0.0,0.0,0.0,0.0,0.0,6993.6,Direct Deposit,*****2929
EMP-1107,Steven,Sanchez,Sales,BDR,CC-SAL-102,Full-Time,Salaried,2023-12-19,IL,2026-08-01,2026-08-15,2026-08-20,34.06,70847.53,80.0,0.0,0.0,2951.98,0.0,0.0,0.0,0.0,0.0,2951.98,295.2,250.0,45.0,0.0,590.2,2361.78,278.77,146.43,34.25,116.91,21.26,597.62,0.0,0.0,0.0,1764.16,146.43,34.25,1.75,63.77,118.08,625.0,3941.26,Direct Deposit,*****1161
EMP-1108,Sarah,Jackson,Product,Product Analyst,CC-PRO-101,Full-Time,Salaried,2021-02-21,TX,2026-08-01,2026-08-15,2026-08-20,39.29,81725.49,80.0,0.0,0.0,3405.23,0.0,0.0,0.0,0.0,75.0,3480.23,204.31,250.0,25.0,0.0,479.31,2925.92,369.41,181.41,42.43,0.0,26.33,619.58,0.0,0.0,0.0,2381.34,181.41,42.43,1.75,79.0,136.21,625.0,4546.03,Direct Deposit,*****2651
EMP-1109,Margaret,Campbell,Customer Support,Support Lead,CC-CUS-102,Full-Time,Salaried,2025-11-28,CA,2026-08-01,2026-08-15,2026-08-20,92.73,192881.92,80.0,0.0,0.0,8036.75,0.0,0.0,0.0,0.0,0.0,8036.75,401.84,420.0,45.0,50.0,916.84,7119.91,1253.28,435.55,103.24,569.59,64.08,2425.74,0.0,0.0,0.0,4694.17,435.55,103.24,1.75,192.24,321.47,1050.0,10141.0,Direct Deposit,*****9329
EMP-1110,John,Gonzalez,Finance & Legal,CFO,CC-FIN-102,Full-Time,Salaried,2021-02-22,TX,2026-08-01,2026-08-15,2026-08-20,111.68,232288.3,80.0,0.0,0.0,9678.68,0.0,0.0,0.0,0.0,0.0,9678.68,967.87,250.0,0.0,100.0,1317.87,8360.81,1142.55,435.55,121.23,0.0,75.25,1774.58,0.0,0.0,0.0,6586.23,435.55,121.23,1.75,225.74,387.15,625.0,11475.1,Direct Deposit,*****4331
EMP-1111,Kenneth,Hill,Sales,Sales Executive,CC-SAL-301,Full-Time,Salaried,2019-01-25,WA,2026-08-01,2026-08-15,2026-08-20,35.88,74639.54,80.0,0.0,0.0,3109.98,0.0,0.0,0.0,0.0,150.0,3259.98,155.5,0.0,25.0,0.0,180.5,2929.48,301.45,181.63,42.48,0.0,26.37,551.93,0.0,0.0,0.0,2527.55,181.63,42.48,1.75,79.1,124.4,0.0,3689.34,Direct Deposit,*****9461
EMP-1112,Elizabeth,Thomas,Sales,Account Executive,CC-SAL-201,Full-Time,Salaried,2024-10-03,FL,2026-08-01,2026-08-15,2026-08-20,55.51,115450.83,80.0,0.0,0.0,4810.45,0.0,0.0,0.0,0.0,0.0,4810.45,144.31,120.0,45.0,0.0,309.31,4501.14,535.38,279.07,65.27,0.0,40.51,920.23,0.0,0.0,0.0,3580.91,279.07,65.27,1.75,121.53,144.31,300.0,5722.38,Direct Deposit,*****6591
EMP-1113,Melissa,Miller,Sales,Account Executive,CC-SAL-201,Full-Time,Hourly,2023-11-24,WA,2026-08-01,2026-08-15,2026-08-20,54.38,0.0,80.0,0.0,0.0,4350.4,0.0,0.0,0.0,0.0,0.0,4350.4,522.05,250.0,25.0,0.0,797.05,3553.35,398.33,220.31,51.52,0.0,31.98,702.14,0.0,0.0,0.0,2851.21,220.31,51.52,1.75,95.94,174.02,625.0,5518.94,Direct Deposit,*****1597
EMP-1114,Paul,Taylor,Customer Support,Support Agent,CC-CUS-102,Part-Time,Hourly,2020-08-16,CA,2026-08-01,2026-08-15,2026-08-20,40.11,0.0,48.4,0.0,0.0,1941.32,0.0,0.0,0.0,0.0,75.0,2016.32,97.07,0.0,45.0,0.0,142.07,1799.25,193.97,111.55,26.09,143.94,16.19,491.74,0.0,0.0,0.0,1382.51,111.55,26.09,1.75,48.58,77.65,0.0,2281.94,Direct Deposit,*****4750
EMP-1115,Barbara,White,Operations,Operations Manager,CC-OPE-201,Full-Time,Salaried,2024-09-04,NC,2026-08-01,2026-08-15,2026-08-20,102.51,213218.66,80.0,0.0,0.0,8884.11,0.0,0.0,0.0,0.0,0.0,8884.11,888.41,250.0,45.0,50.0,1233.41,7650.7,776.05,435.55,110.94,363.41,68.86,1754.81,0.0,0.0,0.0,5895.89,435.55,110.94,1.75,206.57,355.36,625.0,10619.28,Direct Deposit,*****1781
EMP-1116,Joshua,Flores,Customer Support,Support Tier 2,CC-CUS-102,Full-Time,Salaried,2020-07-24,CA,2026-08-01,2026-08-15,2026-08-20,39.59,82338.11,80.0,0.0,0.0,3430.75,0.0,0.0,0.0,0.0,0.0,3430.75,205.84,120.0,25.0,0.0,350.84,3079.91,331.01,190.95,44.66,246.39,27.72,840.73,0.0,0.0,0.0,2239.18,190.95,44.66,1.75,83.16,137.23,300.0,4188.5,Direct Deposit,*****7411
EMP-1117,Linda,White,Sales,Sales Executive,CC-SAL-201,Full-Time,Salaried,2019-03-11,CA,2026-08-01,2026-08-15,2026-08-20,57.44,119480.85,80.0,0.0,0.0,4978.37,0.0,0.0,1250.0,0.0,75.0,6303.37,298.7,120.0,45.0,100.0,563.7,5664.67,691.95,351.21,82.14,453.17,50.98,1629.45,0.0,0.0,0.0,4110.22,351.21,82.14,1.75,152.95,199.13,300.0,7390.55,Direct Deposit,*****4200
EMP-1118,Linda,Torres,Finance & Legal,Finance Manager,CC-FIN-102,Full-Time,Salaried,2019-09-28,WA,2026-08-01,2026-08-15,2026-08-20,106.44,221393.61,80.0,0.0,0.0,9224.73,0.0,0.0,0.0,0.0,75.0,9299.73,276.74,420.0,25.0,0.0,721.74,8502.99,1343.6,435.55,123.29,0.0,76.53,1978.97,0.0,0.0,0.0,6599.02,435.55,123.29,1.75,229.58,276.74,1050.0,11416.64,Wire,N/A
EMP-1119,Mark,Clark,Human Resources,Talent Acquisition Lead,CC-HUM-101,Full-Time,Salaried,2021-01-14,NY,2026-08-01,2026-08-15,2026-08-20,65.99,137267.88,80.0,0.0,0.0,5719.49,0.0,0.0,0.0,0.0,300.0,6019.49,171.58,120.0,65.0,0.0,356.58,5362.91,862.18,332.5,77.76,348.59,48.27,1669.3,0.0,0.0,0.0,3993.61,332.5,77.76,1.75,144.8,171.58,300.0,7047.88,Direct Deposit,*****3504
EMP-1120,Lisa,King,Operations,COO,CC-OPE-101,Full-Time,Salaried,2023-08-26,NC,2026-08-01,2026-08-15,2026-08-20,97.39,202561.82,80.0,0.0,0.0,8440.08,0.0,0.0,0.0,0.0,0.0,8440.08,253.2,0.0,25.0,0.0,278.2,8161.88,1305.13,435.55,118.35,387.69,73.46,2320.18,0.0,0.0,0.0,5841.7,435.55,118.35,1.75,220.37,253.2,0.0,9469.3,Direct Deposit,*****7416
EMP-1121,Amanda,Hernandez,Operations,Supply Chain Analyst,CC-OPE-201,Full-Time,Salaried,2024-05-14,IL,2026-08-01,2026-08-15,2026-08-20,39.01,81131.76,80.0,0.0,0.0,3380.49,0.0,0.0,0.0,0.0,0.0,3380.49,0.0,420.0,25.0,100.0,545.0,2835.49,346.9,175.8,41.11,140.36,25.52,729.69,0.0,0.0,0.0,2105.8,175.8,41.11,1.75,76.56,0.0,1050.0,4725.71,Direct Deposit,*****6925
EMP-1122,Christopher,Wright,Finance & Legal,CFO,CC-FIN-301,Full-Time,Salaried,2020-10-26,FL,2026-08-01,2026-08-15,2026-08-20,67.43,140259.21,80.0,0.0,0.0,5844.13,0.0,0.0,0.0,0.0,0.0,5844.13,584.41,250.0,45.0,0.0,879.41,4964.72,563.63,307.81,71.99,0.0,44.68,988.11,0.0,0.0,0.0,3976.61,307.81,71.99,1.75,134.05,233.77,625.0,7218.5,Direct Deposit,*****1141
EMP-1123,Linda,Wright,Sales,Sr. Account Executive,CC-SAL-301,Full-Time,Hourly,2025-07-31,NC,2026-08-01,2026-08-15,2026-08-20,52.3,0.0,80.0,0.0,0.0,4184.0,0.0,0.0,500.0,250.0,75.0,5009.0,266.04,0.0,65.0,50.0,381.04,4552.96,566.3,282.28,66.02,216.27,40.98,1171.85,0.0,0.0,0.0,3456.11,282.28,66.02,1.75,122.93,167.36,0.0,5649.34,Direct Deposit,*****3990
EMP-1124,Susan,Nguyen,Engineering,Engineering Manager,CC-ENG-102,Full-Time,Salaried,2025-07-26,CA,2026-08-01,2026-08-15,2026-08-20,53.66,111612.52,80.0,0.0,0.0,4650.52,0.0,0.0,0.0,0.0,0.0,4650.52,232.53,120.0,25.0,50.0,427.53,4222.99,438.56,261.83,61.23,337.84,38.01,1137.47,0.0,0.0,0.0,3085.52,261.83,61.23,1.75,114.02,186.02,300.0,5575.37,Direct Deposit,*****8804
EMP-1125,Nancy,Green,Customer Support,Customer Success Manager,CC-CUS-101,Full-Time,Salaried,2019-06-09,WA,2026-08-01,2026-08-15,2026-08-20,102.55,213295.18,80.0,0.0,0.0,8887.3,0.0,0.0,0.0,0.0,0.0,8887.3,1066.48,420.0,25.0,0.0,1511.48,7375.82,1228.15,435.55,106.95,0.0,66.38,1837.03,0.0,0.0,0.0,5538.79,435.55,106.95,1.75,199.15,355.49,1050.0,11036.19,Direct Deposit,*****3044
EMP-1126,William,Brown,Operations,Operations Manager,CC-OPE-201,Part-Time,Salaried,2023-07-11,IL,2026-08-01,2026-08-15,2026-08-20,96.29,200278.56,32.5,0.0,0.0,8344.94,0.0,0.0,0.0,250.0,0.0,8594.94,0.0,120.0,0.0,0.0,120.0,8474.94,1490.31,435.55,122.89,419.51,76.27,2544.53,0.0,0.0,0.0,5930.41,435.55,122.89,1.75,228.82,0.0,300.0,9683.95,Direct Deposit,*****2846
EMP-1127,Margaret,Ramirez,Engineering,Engineering Manager,CC-ENG-102,Full-Time,Salaried,2022-03-14,NY,2026-08-01,2026-08-15,2026-08-20,69.86,145303.94,80.0,0.0,0.0,6054.33,0.0,0.0,0.0,0.0,300.0,6354.33,181.63,120.0,45.0,0.0,346.63,5707.7,588.93,353.88,82.76,371.0,51.37,1447.94,0.0,0.0,0.0,4559.76,353.88,82.76,1.75,154.11,181.63,300.0,7428.46,Direct Deposit,*****4451
EMP-1128,James,Lewis,Sales,Sr. Account Executive,CC-SAL-102,Full-Time,Salaried,2022-10-01,NC,2026-08-01,2026-08-15,2026-08-20,35.31,73454.52,80.0,0.0,0.0,3060.61,0.0,0.0,1250.0,0.0,0.0,4310.61,91.82,0.0,0.0,0.0,91.82,4218.79,692.75,261.56,61.17,200.39,37.97,1253.84,0.0,0.0,0.0,2964.95,261.56,61.17,1.75,113.91,91.82,0.0,4840.82,Direct Deposit,*****6482
EMP-1129,Joshua,Rodriguez,Operations,Operations Associate,CC-OPE-101,Full-Time,Salaried,2024-01-03,IL,2026-08-01,2026-08-15,2026-08-20,44.7,92981.78,80.0,0.0,0.0,3874.24,0.0,0.0,0.0,250.0,0.0,4124.24,247.45,420.0,0.0,0.0,667.45,3456.79,454.8,214.32,50.12,171.11,31.11,921.46,0.0,0.0,0.0,2535.33,214.32,50.12,1.75,93.33,154.97,1050.0,5688.73,Direct Deposit,*****7132
EMP-1130,Barbara,Mitchell,Product,Sr. Product Manager,CC-PRO-301,Contractor,Hourly,2024-12-04,CA,2026-08-01,2026-08-15,2026-08-20,92.73,0.0,80.0,0.0,0.0,7418.4,0.0,0.0,0.0,0.0,75.0,7493.4,0.0,0.0,0.0,0.0,0.0,7418.4,0.0,0.0,0.0,0.0,0.0,0.0,0.0,0.0,0.0,7493.4,0.0,0.0,0.0,0.0,0.0,0.0,7493.4,Direct Deposit,*****5033
EMP-1131,Sandra,Allen,Sales,Account Executive,CC-SAL-201,Full-Time,Salaried,2021-06-28,FL,2026-08-01,2026-08-15,2026-08-20,56.98,118520.88,80.0,0.0,0.0,4938.37,0.0,0.0,500.0,0.0,75.0,5513.37,246.92,250.0,45.0,100.0,641.92,4796.45,709.37,297.38,69.55,0.0,43.17,1119.47,0.0,0.0,0.0,3751.98,297.38,69.55,1.75,129.5,197.53,625.0,6834.08,Direct Deposit,*****8544
EMP-1132,Margaret,Williams,Finance & Legal,Finance Manager,CC-FIN-101,Full-Time,Salaried,2021-11-21,WA,2026-08-01,2026-08-15,2026-08-20,104.7,217772.31,80.0,0.0,0.0,9073.85,0.0,0.0,0.0,2500.0,75.0,11648.85,578.69,250.0,25.0,0.0,853.69,10720.16,1414.52,435.55,155.44,0.0,96.48,2101.99,0.0,0.0,0.0,8693.17,435.55,155.44,1.75,289.44,362.95,625.0,13518.98,Direct Deposit,*****5318
EMP-1133,Daniel,White,Human Resources,VP of People,CC-HUM-301,Full-Time,Salaried,2023-04-03,NY,2026-08-01,2026-08-15,2026-08-20,78.13,162506.72,80.0,0.0,0.0,6771.11,0.0,0.0,0.0,0.0,0.0,6771.11,677.11,250.0,25.0,0.0,952.11,5819.0,791.44,360.78,84.38,378.24,52.37,1667.21,0.0,0.0,0.0,4151.79,360.78,84.38,1.75,157.11,270.84,625.0,8270.97,Direct Deposit,*****3070
EMP-1134,David,Mitchell,Engineering,Tech Lead,CC-ENG-201,Full-Time,Salaried,2021-11-14,FL,2026-08-01,2026-08-15,2026-08-20,95.91,199492.65,80.0,0.0,0.0,8312.19,0.0,0.0,0.0,0.0,0.0,8312.19,415.61,0.0,45.0,0.0,460.61,7851.58,882.18,435.55,113.85,0.0,70.66,1502.24,261.46,0.0,261.46,6087.88,435.55,113.85,1.75,211.99,332.49,0.0,9407.82,Direct Deposit,*****6546
EMP-1135,Mark,Clark,Sales,Sales Executive,CC-SAL-301,Full-Time,Salaried,2024-10-09,IL,2026-08-01,2026-08-15,2026-08-20,55.15,114712.02,80.0,0.0,0.0,4779.67,0.0,0.0,1250.0,0.0,0.0,6029.67,0.0,420.0,25.0,200.0,645.0,5384.67,767.6,333.85,78.08,266.54,48.46,1494.53,0.0,269.23,269.23,3620.91,333.85,78.08,1.75,145.39,0.0,1050.0,7638.74,Direct Deposit,*****5458
EMP-1136,Anthony,Adams,Sales,Sr. Account Executive,CC-SAL-301,Full-Time,Salaried,2025-09-05,WA,2026-08-01,2026-08-15,2026-08-20,54.95,114306.22,80.0,0.0,0.0,4762.76,0.0,0.0,500.0,0.0,0.0,5262.76,238.14,420.0,25.0,0.0,683.14,4579.62,680.3,283.94,66.4,0.0,41.22,1071.86,0.0,0.0,0.0,3507.76,283.94,66.4,1.75,123.65,190.51,1050.0,6979.01,Direct Deposit,*****4807
EMP-1137,Nancy,Brown,Customer Support,Support Agent,CC-CUS-101,Full-Time,Hourly,2018-11-24,IL,2026-08-01,2026-08-15,2026-08-20,49.51,0.0,80.0,0.0,0.0,3960.8,0.0,0.0,0.0,0.0,0.0,3960.8,0.0,120.0,25.0,200.0,345.0,3615.8,522.91,224.18,52.43,178.98,32.54,1011.04,0.0,0.0,0.0,2604.76,224.18,52.43,1.75,97.63,0.0,300.0,4636.79,Direct Deposit,*****7626
EMP-1138,George,King,Sales,Sr. Account Executive,CC-SAL-102,Full-Time,Salaried,2020-06-16,WA,2026-08-01,2026-08-15,2026-08-20,48.24,100342.93,80.0,0.0,0.0,4180.96,0.0,0.0,500.0,0.0,0.0,4680.96,209.05,250.0,25.0,200.0,684.05,3996.91,690.49,247.81,57.96,0.0,35.97,1032.23,0.0,0.0,0.0,2964.68,247.81,57.96,1.75,107.92,167.24,625.0,5888.64,Direct Deposit,*****4211
EMP-1139,Christopher,Hernandez,Sales,BDR,CC-SAL-201,Full-Time,Hourly,2023-06-29,CA,2026-08-01,2026-08-15,2026-08-20,53.15,0.0,80.0,0.0,0.0,4252.0,0.0,0.0,4500.0,0.0,150.0,8902.0,212.6,120.0,25.0,0.0,357.6,8394.4,1351.03,435.55,121.72,671.55,75.55,2655.4,0.0,0.0,0.0,5889.0,435.55,121.72,1.75,226.65,170.08,300.0,10157.75,Direct Deposit,*****3808
EMP-1140,Deborah,Taylor,Operations,Operations Manager,CC-OPE-102,Full-Time,Salaried,2024-09-11,TX,2026-08-01,2026-08-15,2026-08-20,90.52,188275.21,80.0,0.0,0.0,7844.8,0.0,0.0,0.0,0.0,75.0,7919.8,392.24,420.0,0.0,0.0,812.24,7032.56,1063.43,435.55,101.97,0.0,63.29,1664.24,0.0,0.0,0.0,5443.32,435.55,101.97,1.75,189.88,313.79,1050.0,10012.74,Direct Deposit,*****8742
EMP-1141,John,Jones,Sales,BDR,CC-SAL-301,Part-Time,Salaried,2018-10-09,NY,2026-08-01,2026-08-15,2026-08-20,50.34,104701.93,51.7,0.0,0.0,4362.58,0.0,0.0,1250.0,0.0,0.0,5612.58,130.88,250.0,25.0,0.0,405.88,5206.7,919.48,322.82,75.5,338.44,46.86,1703.1,349.46,0.0,349.46,3154.14,322.82,75.5,1.75,140.58,130.88,625.0,6909.11,Direct Deposit,*****5208
EMP-1142,Michael,Robinson,Engineering,Software Engineer,CC-ENG-102,Full-Time,Salaried,2022-01-16,CA,2026-08-01,2026-08-15,2026-08-20,29.02,60368.28,80.0,0.0,0.0,2515.34,0.0,0.0,0.0,1000.0,75.0,3590.34,210.92,420.0,45.0,0.0,675.92,2839.42,374.6,176.04,41.17,227.15,25.55,844.51,0.0,0.0,0.0,2069.91,176.04,41.17,1.75,76.66,100.61,1050.0,5036.57,Direct Deposit,*****8427
EMP-1143,Mark,Nguyen,Product,Product Analyst,CC-PRO-102,Full-Time,Hourly,2025-11-01,IL,2026-08-01,2026-08-15,2026-08-20,24.39,0.0,80.0,12.0,0.0,1951.2,439.02,0.0,0.0,0.0,0.0,2390.22,97.56,250.0,45.0,0.0,392.56,1997.66,211.42,123.85,28.97,98.88,17.98,481.1,0.0,0.0,0.0,1516.56,123.85,28.97,1.75,53.94,78.05,625.0,3301.78,Direct Deposit,*****3555
EMP-1144,Kenneth,Williams,Operations,Operations Manager,CC-OPE-201,Full-Time,Salaried,2021-12-29,TX,2026-08-01,2026-08-15,2026-08-20,54.26,112863.5,80.0,0.0,0.0,4702.65,0.0,0.0,0.0,0.0,75.0,4777.65,235.13,120.0,0.0,0.0,355.13,4347.52,579.48,269.55,63.04,0.0,39.13,951.2,0.0,0.0,0.0,3471.32,269.55,63.04,1.75,117.38,188.11,300.0,5717.48,Direct Deposit,*****1182
EMP-1145,Ashley,Martinez,Marketing,CMO,CC-MAR-102,Full-Time,Salaried,2024-07-17,NC,2026-08-01,2026-08-15,2026-08-20,85.78,178416.2,80.0,0.0,0.0,7434.01,0.0,0.0,0.0,0.0,0.0,7434.01,223.02,120.0,25.0,0.0,368.02,7065.99,1224.84,435.55,102.46,335.63,63.59,2162.07,0.0,0.0,0.0,4903.92,435.55,102.46,1.75,190.78,223.02,300.0,8687.57,Direct Deposit,*****7046
EMP-1146,Kimberly,Moore,Operations,Supply Chain Analyst,CC-OPE-301,Full-Time,Salaried,2021-08-02,CA,2026-08-01,2026-08-15,2026-08-20,28.85,60008.76,80.0,0.0,0.0,2500.37,0.0,0.0,0.0,0.0,0.0,2500.37,75.01,250.0,0.0,100.0,425.01,2075.36,208.17,128.67,30.09,166.03,18.68,551.64,0.0,0.0,0.0,1523.72,128.67,30.09,1.75,56.03,75.01,625.0,3416.92,Direct Deposit,*****6276
EMP-1147,David,Smith,Engineering,Software Engineer,CC-ENG-101,Full-Time,Hourly,2025-03-06,FL,2026-08-01,2026-08-15,2026-08-20,51.43,0.0,80.0,0.0,1.0,4114.4,0.0,102.86,0.0,0.0,300.0,4517.26,0.0,250.0,25.0,0.0,275.0,3942.26,593.77,244.42,57.16,0.0,35.48,930.83,0.0,197.11,197.11,3114.32,244.42,57.16,1.75,106.44,0.0,625.0,5552.03,Direct Deposit,*****1234
EMP-1148,Andrew,Allen,Product,UI/UX Designer,CC-PRO-201,Contractor,Hourly,2025-03-03,CA,2026-08-01,2026-08-15,2026-08-20,67.35,0.0,80.0,0.0,0.0,5388.0,0.0,0.0,0.0,0.0,0.0,5388.0,0.0,0.0,0.0,0.0,0.0,5388.0,0.0,0.0,0.0,0.0,0.0,0.0,0.0,0.0,0.0,5388.0,0.0,0.0,0.0,0.0,0.0,0.0,5388.0,Direct Deposit,*****6423
EMP-1149,Margaret,Green,Sales,Account Executive,CC-SAL-102,Full-Time,Salaried,2025-09-23,FL,2026-08-01,2026-08-15,2026-08-20,55.69,115832.18,80.0,0.0,0.0,4826.34,0.0,0.0,0.0,0.0,0.0,4826.34,289.58,120.0,45.0,50.0,504.58,4321.76,656.12,267.95,62.67,0.0,38.9,1025.64,0.0,0.0,0.0,3296.12,267.95,62.67,1.75,116.69,193.05,300.0,5768.45,Direct Deposit,*****2772
EMP-1150,William,White,Customer Support,Support Lead,CC-CUS-102,Full-Time,Salaried,2023-06-21,WA,2026-08-01,2026-08-15,2026-08-20,93.19,193828.24,80.0,0.0,0.0,8076.18,0.0,0.0,0.0,0.0,75.0,8151.18,0.0,420.0,25.0,0.0,445.0,7631.18,798.58,435.55,110.65,0.0,68.68,1413.46,0.0,0.0,0.0,6292.72,435.55,110.65,1.75,206.04,0.0,1050.0,9955.17,Direct Deposit,*****3100
EMP-1151,Dorothy,Gonzalez,Sales,Account Executive,CC-SAL-301,Full-Time,Salaried,2025-04-05,NY,2026-08-01,2026-08-15,2026-08-20,51.85,107853.03,80.0,0.0,0.0,4493.88,0.0,0.0,500.0,250.0,0.0,5243.88,284.63,420.0,0.0,0.0,704.63,4539.25,730.75,281.43,65.82,295.05,40.85,1413.9,0.0,0.0,0.0,3125.35,281.43,65.82,1.75,122.56,179.76,1050.0,6945.2,Direct Deposit,*****3745
EMP-1152,Anthony,Adams,Finance & Legal,Financial Analyst,CC-FIN-101,Full-Time,Salaried,2021-07-13,IL,2026-08-01,2026-08-15,2026-08-20,51.94,108036.73,80.0,0.0,0.0,4501.53,0.0,0.0,0.0,0.0,75.0,4576.53,225.08,250.0,45.0,0.0,520.08,3981.45,678.2,246.85,57.73,197.08,35.83,1215.69,0.0,0.0,0.0,2840.76,246.85,57.73,1.75,107.5,180.06,625.0,5795.42,Direct Deposit,*****7919
EMP-1153,Daniel,Harris,Product,Product Manager,CC-PRO-102,Full-Time,Salaried,2024-08-02,NC,2026-08-01,2026-08-15,2026-08-20,56.99,118540.33,80.0,0.0,0.0,4939.18,0.0,0.0,0.0,0.0,0.0,4939.18,246.96,250.0,25.0,0.0,521.96,4417.22,780.18,273.87,64.05,209.82,39.75,1367.67,0.0,0.0,0.0,3049.55,273.87,64.05,1.75,119.26,197.57,625.0,6220.68,Direct Deposit,*****7683
EMP-1154,Joshua,Taylor,Engineering,Engineering Manager,CC-ENG-102,Full-Time,Salaried,2026-04-12,CA,2026-08-01,2026-08-15,2026-08-20,101.72,211571.84,80.0,0.0,0.0,8815.49,0.0,0.0,0.0,0.0,0.0,8815.49,528.93,250.0,25.0,50.0,853.93,7961.56,961.7,435.55,115.44,636.92,71.65,2221.26,0.0,0.0,0.0,5740.3,435.55,115.44,1.75,214.96,352.62,625.0,10560.81,Direct Deposit,*****1215
EMP-1155,George,Walker,Finance & Legal,Staff Accountant,CC-FIN-102,Full-Time,Salaried,2020-09-23,FL,2026-08-01,2026-08-15,2026-08-20,42.84,89098.77,80.0,0.0,0.0,3712.45,0.0,0.0,0.0,0.0,300.0,4012.45,185.62,120.0,25.0,50.0,380.62,3331.83,353.5,206.57,48.31,0.0,29.99,638.37,0.0,0.0,0.0,2993.46,206.57,48.31,1.75,89.96,148.5,300.0,4807.54,Direct Deposit,*****7353
EMP-1156,Elizabeth,Rivera,Sales,Sr. Account Executive,CC-SAL-301,Full-Time,Salaried,2023-04-17,NC,2026-08-01,2026-08-15,2026-08-20,30.41,63248.64,80.0,0.0,0.0,2635.36,0.0,0.0,2800.0,2500.0,75.0,8010.36,513.54,120.0,65.0,0.0,698.54,7236.82,1274.51,435.55,104.93,343.75,65.13,2223.87,0.0,0.0,0.0,5087.95,435.55,104.93,1.75,195.39,105.41,300.0,9153.39,Direct Deposit,*****8160
EMP-1157,David,Torres,Sales,Sr. Account Executive,CC-SAL-201,Full-Time,Salaried,2023-12-20,WA,2026-08-01,2026-08-15,2026-08-20,29.29,60922.35,80.0,0.0,0.0,2538.43,0.0,0.0,2800.0,0.0,0.0,5338.43,126.92,120.0,65.0,200.0,511.92,4826.51,634.32,299.24,69.98,0.0,43.44,1046.98,0.0,0.0,0.0,3779.53,299.24,69.98,1.75,130.32,101.54,300.0,6241.26,Direct Deposit,*****7976
EMP-1158,Kenneth,Taylor,Engineering,Sr. Software Engineer,CC-ENG-201,Full-Time,Salaried,2026-02-11,FL,2026-08-01,2026-08-15,2026-08-20,29.13,60587.5,80.0,0.0,0.0,2524.48,0.0,0.0,0.0,0.0,150.0,2674.48,75.73,250.0,25.0,0.0,350.73,2173.75,364.85,134.77,31.52,0.0,19.56,550.7,0.0,0.0,0.0,1773.05,134.77,31.52,1.75,58.69,75.73,625.0,3601.94,Direct Deposit,*****5444
EMP-1159,Amanda,Gonzalez,Engineering,Engineering Manager,CC-ENG-101,Full-Time,Salaried,2024-07-10,NY,2026-08-01,2026-08-15,2026-08-20,114.96,239123.15,80.0,0.0,0.0,9963.46,0.0,0.0,0.0,0.0,75.0,10038.46,298.9,120.0,45.0,100.0,563.9,9399.56,1655.02,435.55,136.29,610.97,84.6,2922.43,0.0,0.0,0.0,6552.13,435.55,136.29,1.75,253.79,298.9,300.0,11464.74,Direct Deposit,*****5369
EMP-1160,Donald,Martin,Marketing,Growth Manager,CC-MAR-301,Full-Time,Salaried,2020-06-06,CA,2026-08-01,2026-08-15,2026-08-20,64.86,134907.08,80.0,0.0,0.0,5621.13,0.0,0.0,0.0,250.0,0.0,5871.13,293.56,120.0,0.0,0.0,413.56,5457.57,622.26,338.37,79.13,436.61,49.12,1525.49,0.0,0.0,0.0,3932.08,338.37,79.13,1.75,147.35,224.85,300.0,6962.58,Direct Deposit,*****3780
EMP-1161,Robert,Hernandez,Marketing,Marketing Specialist,CC-MAR-301,Full-Time,Salaried,2019-12-21,TX,2026-08-01,2026-08-15,2026-08-20,39.88,82948.28,80.0,0.0,0.0,3456.18,0.0,0.0,0.0,250.0,150.0,3856.18,370.62,120.0,45.0,0.0,535.62,3170.56,443.25,196.57,45.97,0.0,28.54,714.33,0.0,0.0,0.0,2606.23,196.57,45.97,1.75,85.61,138.25,300.0,4624.33,Direct Deposit,*****7696
EMP-1162,Charles,Mitchell,Operations,COO,CC-OPE-101,Full-Time,Salaried,2025-01-18,FL,2026-08-01,2026-08-15,2026-08-20,71.34,148381.43,80.0,0.0,0.0,6182.56,0.0,0.0,0.0,250.0,0.0,6432.56,0.0,250.0,0.0,50.0,300.0,6132.56,992.94,380.22,88.92,0.0,55.19,1517.27,0.0,0.0,0.0,4615.29,380.22,88.92,1.75,165.58,0.0,625.0,7694.03,Direct Deposit,*****7614
EMP-1163,Daniel,Hall,Engineering,DevOps Engineer,CC-ENG-201,Full-Time,Salaried,2024-06-26,CA,2026-08-01,2026-08-15,2026-08-20,30.76,63986.51,80.0,0.0,0.0,2666.1,0.0,0.0,0.0,0.0,75.0,2741.1,79.98,120.0,0.0,0.0,199.98,2466.12,420.77,152.9,35.76,197.29,22.2,828.92,0.0,0.0,0.0,1712.2,152.9,35.76,1.75,66.59,79.98,300.0,3378.08,Direct Deposit,*****4109
EMP-1164,Emily,Campbell,Sales,BDR,CC-SAL-301,Full-Time,Salaried,2025-07-06,WA,2026-08-01,2026-08-15,2026-08-20,51.12,106320.39,80.0,0.0,0.0,4430.02,0.0,0.0,2800.0,0.0,0.0,7230.02,443.0,250.0,65.0,50.0,808.0,6422.02,844.21,398.17,93.12,0.0,57.8,1393.3,0.0,0.0,0.0,5028.72,398.17,93.12,1.75,173.39,177.2,625.0,8698.65,Direct Deposit,*****4273
EMP-1165,Kimberly,Rodriguez,Product,Product Analyst,CC-PRO-102,Full-Time,Salaried,2019-05-12,CA,2026-08-01,2026-08-15,2026-08-20,38.11,79276.39,80.0,0.0,0.0,3303.18,0.0,0.0,0.0,0.0,75.0,3378.18,0.0,250.0,25.0,0.0,275.0,3028.18,528.82,187.75,43.91,242.25,27.25,1029.98,0.0,0.0,0.0,2073.2,187.75,43.91,1.75,81.76,0.0,625.0,4318.35,Direct Deposit,*****2914
EMP-1166,James,Campbell,Human Resources,Talent Acquisition Lead,CC-HUM-102,Part-Time,Salaried,2019-11-20,CA,2026-08-01,2026-08-15,2026-08-20,54.81,114011.53,31.6,0.0,0.0,4750.48,0.0,0.0,0.0,0.0,0.0,4750.48,237.52,120.0,0.0,50.0,407.52,4342.96,667.45,269.26,62.97,347.44,39.09,1386.21,0.0,0.0,0.0,2956.75,269.26,62.97,1.75,117.26,190.02,300.0,5691.74,Direct Deposit,*****8106
EMP-1167,Joseph,Scott,Operations,COO,CC-OPE-101,Part-Time,Salaried,2025-05-04,TX,2026-08-01,2026-08-15,2026-08-20,101.77,211682.26,33.7,0.0,0.0,8820.09,0.0,0.0,0.0,0.0,75.0,8895.09,529.21,0.0,25.0,0.0,554.21,8265.88,1293.57,435.55,119.86,0.0,74.39,1923.37,0.0,0.0,0.0,6417.51,435.55,119.86,1.75,223.18,352.8,0.0,10028.23,Direct Deposit,*****3240
EMP-1168,Anthony,Thomas,Operations,Operations Associate,CC-OPE-201,Contractor,Hourly,2022-03-23,TX,2026-08-01,2026-08-15,2026-08-20,74.74,0.0,80.0,0.0,0.0,5979.2,0.0,0.0,0.0,0.0,0.0,5979.2,0.0,0.0,0.0,0.0,0.0,5979.2,0.0,0.0,0.0,0.0,0.0,0.0,0.0,0.0,0.0,5979.2,0.0,0.0,0.0,0.0,0.0,0.0,5979.2,Direct Deposit,*****4093
EMP-1169,Andrew,Davis,Product,Product Analyst,CC-PRO-102,Part-Time,Salaried,2024-09-20,TX,2026-08-01,2026-08-15,2026-08-20,49.91,103811.29,31.6,0.0,0.0,4325.47,0.0,0.0,0.0,0.0,0.0,4325.47,129.76,120.0,45.0,0.0,294.76,4030.71,639.33,249.9,58.45,0.0,36.28,983.96,0.0,0.0,0.0,3046.75,249.9,58.45,1.75,108.83,129.76,300.0,5174.16,Direct Deposit,*****4104
EMP-1170,Deborah,Mitchell,Product,Sr. Product Manager,CC-PRO-201,Full-Time,Salaried,2022-04-25,WA,2026-08-01,2026-08-15,2026-08-20,76.25,158609.74,80.0,0.0,0.0,6608.74,0.0,0.0,0.0,1000.0,75.0,7683.74,380.44,250.0,0.0,0.0,630.44,6978.3,1117.05,432.65,101.19,0.0,62.8,1713.69,0.0,0.0,0.0,5339.61,432.65,101.19,1.75,188.41,264.35,625.0,9297.09,Direct Deposit,*****7481
EMP-1171,Elizabeth,Green,Customer Support,Support Tier 2,CC-CUS-301,Full-Time,Salaried,2025-10-18,CA,2026-08-01,2026-08-15,2026-08-20,45.96,95606.01,80.0,0.0,0.0,3983.58,0.0,0.0,0.0,1000.0,0.0,4983.58,0.0,250.0,25.0,0.0,275.0,4708.58,498.75,291.93,68.27,376.69,42.38,1278.02,0.0,0.0,0.0,3430.56,291.93,68.27,1.75,127.13,0.0,625.0,6097.66,Direct Deposit,*****6633
EMP-1172,Lisa,Martinez,Human Resources,HR Business Partner,CC-HUM-201,Full-Time,Hourly,2025-10-01,IL,2026-08-01,2026-08-15,2026-08-20,24.26,0.0,80.0,0.0,0.0,1940.8,0.0,0.0,0.0,0.0,0.0,1940.8,97.04,250.0,45.0,0.0,392.04,1548.76,224.71,96.02,22.46,76.66,13.94,433.79,0.0,0.0,0.0,1114.97,96.02,22.46,1.75,41.82,77.63,625.0,2805.48,Direct Deposit,*****5195
EMP-1173,Mary,Lewis,Engineering,Tech Lead,CC-ENG-201,Full-Time,Salaried,2020-01-06,IL,2026-08-01,2026-08-15,2026-08-20,111.93,232815.71,80.0,0.0,0.0,9700.65,0.0,0.0,0.0,0.0,150.0,9850.65,291.02,250.0,45.0,50.0,636.02,9064.63,1202.44,435.55,131.44,448.7,81.58,2299.71,245.73,0.0,245.73,6669.19,435.55,131.44,1.75,244.75,291.02,625.0,11580.16,Direct Deposit,*****8331
EMP-1174,James,Martinez,Sales,BDR,CC-SAL-101,Full-Time,Salaried,2020-01-10,NC,2026-08-01,2026-08-15,2026-08-20,44.41,92372.63,80.0,0.0,0.0,3848.86,0.0,0.0,1250.0,0.0,150.0,5248.86,0.0,250.0,45.0,100.0,395.0,4703.86,663.33,291.64,68.21,223.43,42.33,1288.94,0.0,0.0,0.0,3564.92,291.64,68.21,1.75,127.0,0.0,625.0,6362.46,Direct Deposit,*****5138
EMP-1175,Joshua,Adams,Finance & Legal,CFO,CC-FIN-101,Full-Time,Salaried,2025-05-04,IL,2026-08-01,2026-08-15,2026-08-20,107.73,224071.11,80.0,0.0,0.0,9336.3,0.0,0.0,0.0,0.0,0.0,9336.3,280.09,120.0,25.0,0.0,425.09,8911.21,935.7,435.55,129.21,441.1,80.2,2021.76,0.0,0.0,0.0,6889.45,435.55,129.21,1.75,240.6,280.09,300.0,10723.5,Direct Deposit,*****2337
EMP-1176,David,Thomas,Engineering,Sr. Software Engineer,CC-ENG-101,Part-Time,Salaried,2018-12-29,TX,2026-08-01,2026-08-15,2026-08-20,37.7,78414.81,53.6,0.0,0.0,3267.28,0.0,0.0,0.0,0.0,0.0,3267.28,98.02,420.0,25.0,50.0,593.02,2674.26,358.88,165.8,38.78,0.0,24.07,587.53,0.0,0.0,0.0,2086.73,165.8,38.78,1.75,72.21,98.02,1050.0,4693.84,Direct Deposit,*****1294
EMP-1177,Margaret,Allen,Operations,Operations Associate,CC-OPE-102,Full-Time,Salaried,2025-02-17,NY,2026-08-01,2026-08-15,2026-08-20,50.89,105854.95,80.0,0.0,0.0,4410.62,0.0,0.0,0.0,0.0,0.0,4410.62,220.53,420.0,0.0,100.0,740.53,3670.09,452.85,227.55,53.22,238.56,33.03,1005.21,0.0,0.0,0.0,2664.88,227.55,53.22,1.75,99.09,176.42,1050.0,6018.65,Direct Deposit,*****7915
EMP-1178,Michael,Nelson,Sales,Sales Director,CC-SAL-301,Full-Time,Salaried,2024-02-05,TX,2026-08-01,2026-08-15,2026-08-20,78.49,163257.24,80.0,0.0,0.0,6802.38,0.0,0.0,1250.0,0.0,0.0,8052.38,0.0,0.0,0.0,50.0,50.0,8002.38,1364.69,435.55,116.03,0.0,72.02,1988.29,0.0,0.0,0.0,6014.09,435.55,116.03,1.75,216.06,0.0,0.0,8821.77,Direct Deposit,*****1195
EMP-1179,Anthony,Adams,Sales,BDR,CC-SAL-102,Full-Time,Hourly,2021-02-09,FL,2026-08-01,2026-08-15,2026-08-20,49.33,0.0,80.0,0.0,0.0,3946.4,0.0,0.0,2800.0,0.0,0.0,6746.4,118.39,120.0,25.0,100.0,363.39,6383.01,677.95,395.75,92.55,0.0,57.45,1223.7,0.0,0.0,0.0,5159.31,395.75,92.55,1.75,172.34,118.39,300.0,7827.18,Direct Deposit,*****3472
EMP-1180,Robert,Adams,Operations,COO,CC-OPE-102,Part-Time,Salaried,2019-08-11,CA,2026-08-01,2026-08-15,2026-08-20,53.71,111722.63,38.9,0.0,0.0,4655.11,0.0,0.0,0.0,0.0,0.0,4655.11,279.31,120.0,25.0,0.0,424.31,4230.8,673.76,262.31,61.35,338.46,38.08,1373.96,0.0,0.0,0.0,2856.84,262.31,61.35,1.75,114.23,186.2,300.0,5580.95,Direct Deposit,*****5757
EMP-1181,Paul,Robinson,Engineering,Tech Lead,CC-ENG-301,Full-Time,Salaried,2024-12-25,WA,2026-08-01,2026-08-15,2026-08-20,60.48,125794.4,80.0,0.0,0.0,5241.43,0.0,0.0,0.0,0.0,0.0,5241.43,0.0,120.0,25.0,0.0,145.0,5096.43,609.02,315.98,73.9,0.0,45.87,1044.77,0.0,0.0,0.0,4051.66,315.98,73.9,1.75,137.6,0.0,300.0,6070.66,Direct Deposit,*****6783
EMP-1182,Kevin,Rodriguez,Sales,Sales Executive,CC-SAL-102,Full-Time,Hourly,2019-11-03,NC,2026-08-01,2026-08-15,2026-08-20,27.67,0.0,80.0,0.0,0.0,2213.6,0.0,0.0,2800.0,0.0,0.0,5013.6,0.0,250.0,0.0,0.0,250.0,4763.6,530.8,295.34,69.07,226.27,42.87,1164.35,0.0,0.0,0.0,3599.25,295.34,69.07,1.75,128.62,0.0,625.0,6133.38,Direct Deposit,*****6126
EMP-1183,Edward,Hill,Sales,Sales Executive,CC-SAL-101,Full-Time,Salaried,2020-04-10,CA,2026-08-01,2026-08-15,2026-08-20,41.6,86527.74,80.0,0.0,0.0,3605.32,0.0,0.0,2800.0,0.0,75.0,6480.32,360.53,250.0,45.0,50.0,705.53,5699.79,782.04,353.39,82.65,455.98,51.3,1725.36,0.0,0.0,0.0,4049.43,353.39,82.65,1.75,153.89,144.21,625.0,7841.21,Direct Deposit,*****7773
EMP-1184,Michael,Wilson,Sales,Sr. Account Executive,CC-SAL-101,Part-Time,Salaried,2025-03-05,MA,2026-08-01,2026-08-15,2026-08-20,31.21,64920.48,41.6,0.0,0.0,2705.02,0.0,0.0,2800.0,250.0,0.0,5755.02,0.0,420.0,25.0,0.0,445.0,5310.02,942.24,329.22,77.0,265.5,47.79,1661.75,0.0,0.0,0.0,3648.27,329.22,77.0,1.75,143.37,0.0,1050.0,7356.36,Direct Deposit,*****7476
EMP-1185,Joseph,Martin,Customer Support,Customer Success Manager,CC-CUS-102,Full-Time,Salaried,2019-11-10,TX,2026-08-01,2026-08-15,2026-08-20,57.26,119100.46,80.0,0.0,0.0,4962.52,0.0,0.0,0.0,0.0,75.0,5037.52,297.75,120.0,25.0,0.0,442.75,4519.77,578.51,280.23,65.54,0.0,40.68,964.96,0.0,0.0,0.0,3629.81,280.23,65.54,1.75,122.03,198.5,300.0,6005.57,Direct Deposit,*****1897
EMP-1186,Edward,Rodriguez,Engineering,Engineering Manager,CC-ENG-201,Full-Time,Salaried,2024-05-19,NC,2026-08-01,2026-08-15,2026-08-20,57.04,118640.23,80.0,0.0,0.0,4943.34,0.0,0.0,0.0,0.0,0.0,4943.34,296.6,250.0,45.0,0.0,591.6,4351.74,484.03,269.81,63.1,206.71,39.17,1062.82,0.0,0.0,0.0,3288.92,269.81,63.1,1.75,117.5,197.73,625.0,6218.23,Direct Deposit,*****4612
EMP-1187,Michael,Ramirez,Engineering,Engineering Manager,CC-ENG-201,Full-Time,Salaried,2019-08-24,NC,2026-08-01,2026-08-15,2026-08-20,100.3,208632.99,80.0,0.0,0.0,8693.04,0.0,0.0,0.0,0.0,75.0,8768.04,869.3,250.0,45.0,0.0,1164.3,7528.74,1038.32,435.55,109.17,357.62,67.76,2008.42,0.0,0.0,0.0,5595.32,435.55,109.17,1.75,203.28,347.72,625.0,10490.51,Direct Deposit,*****1615
EMP-1188,Michelle,Hall,Engineering,DevOps Engineer,CC-ENG-101,Part-Time,Hourly,2024-07-27,FL,2026-08-01,2026-08-15,2026-08-20,40.41,0.0,47.5,0.0,0.0,1919.47,0.0,0.0,0.0,0.0,0.0,1919.47,95.97,420.0,25.0,0.0,540.97,1378.5,196.66,85.47,19.99,0.0,12.41,314.53,0.0,0.0,0.0,1063.97,85.47,19.99,1.75,37.22,76.78,1050.0,3190.68,Direct Deposit,*****7204
EMP-1189,Sandra,Hall,Operations,Operations Associate,CC-OPE-301,Full-Time,Hourly,2023-10-28,FL,2026-08-01,2026-08-15,2026-08-20,24.08,0.0,80.0,2.5,0.0,1926.4,90.3,0.0,0.0,0.0,300.0,2316.7,115.58,250.0,45.0,0.0,410.58,1606.12,188.52,99.58,23.29,0.0,14.46,325.85,0.0,0.0,0.0,1580.27,99.58,23.29,1.75,43.37,77.06,625.0,3186.75,Direct Deposit,*****5500
EMP-1190,Steven,Anderson,Marketing,CMO,CC-MAR-101,Part-Time,Salaried,2022-12-14,NC,2026-08-01,2026-08-15,2026-08-20,65.45,136138.47,45.4,0.0,0.0,5672.44,0.0,0.0,0.0,0.0,0.0,5672.44,283.62,0.0,45.0,100.0,428.62,5243.82,820.9,325.12,76.04,249.08,47.19,1518.33,0.0,0.0,0.0,3725.49,325.12,76.04,1.75,141.58,226.9,0.0,6443.83,Direct Deposit,*****9490
EMP-1191,Mark,Clark,Operations,Operations Manager,CC-OPE-102,Full-Time,Salaried,2021-09-12,MA,2026-08-01,2026-08-15,2026-08-20,55.41,115245.61,80.0,0.0,0.0,4801.9,0.0,0.0,0.0,0.0,0.0,4801.9,0.0,120.0,45.0,0.0,165.0,4636.9,579.72,287.49,67.24,231.84,41.73,1208.02,0.0,0.0,0.0,3428.88,287.49,67.24,1.75,125.2,0.0,300.0,5583.58,Direct Deposit,*****1919
EMP-1192,Edward,Young,Product,UI/UX Designer,CC-PRO-201,Full-Time,Salaried,2022-11-26,NY,2026-08-01,2026-08-15,2026-08-20,48.37,100599.91,80.0,0.0,0.0,4191.66,0.0,0.0,0.0,250.0,0.0,4441.66,222.08,420.0,45.0,0.0,687.08,3754.58,587.94,232.78,54.44,244.05,33.79,1153.0,0.0,0.0,0.0,2601.58,232.78,54.44,1.75,101.37,167.67,1050.0,6049.67,Direct Deposit,*****3258
EMP-1193,Lisa,Hernandez,Customer Support,Customer Success Manager,CC-CUS-201,Full-Time,Salaried,2022-09-07,IL,2026-08-01,2026-08-15,2026-08-20,115.11,239432.04,80.0,0.0,0.0,9976.34,0.0,0.0,0.0,2500.0,75.0,12551.34,748.58,250.0,25.0,0.0,1023.58,11452.76,1561.94,435.55,166.07,566.91,103.07,2833.54,0.0,0.0,0.0,8694.22,435.55,166.07,1.75,309.22,399.05,625.0,14487.98,Direct Deposit,*****8031
EMP-1194,David,Lee,Marketing,Content Lead,CC-MAR-301,Full-Time,Salaried,2023-08-11,WA,2026-08-01,2026-08-15,2026-08-20,70.09,145787.47,80.0,0.0,0.0,6074.48,0.0,0.0,0.0,0.0,75.0,6149.48,303.72,120.0,45.0,0.0,468.72,5605.76,860.04,347.56,81.28,0.0,50.45,1339.33,0.0,0.0,0.0,4341.43,347.56,81.28,1.75,151.36,242.98,300.0,7274.41,Direct Deposit,*****5529
EMP-1195,Paul,Nelson,Sales,Sales Director,CC-SAL-301,Contractor,Hourly,2018-12-25,FL,2026-08-01,2026-08-15,2026-08-20,81.64,0.0,80.0,0.0,0.0,6531.2,0.0,0.0,1250.0,0.0,150.0,7931.2,0.0,0.0,0.0,0.0,0.0,7781.2,0.0,0.0,0.0,0.0,0.0,0.0,0.0,0.0,0.0,7931.2,0.0,0.0,0.0,0.0,0.0,0.0,7931.2,Direct Deposit,*****9135
EMP-1196,Michelle,Nelson,Engineering,QA Engineer,CC-ENG-101,Full-Time,Salaried,2023-10-25,CA,2026-08-01,2026-08-15,2026-08-20,56.38,117263.25,80.0,0.0,0.0,4885.97,0.0,0.0,0.0,250.0,75.0,5210.97,154.08,420.0,45.0,0.0,619.08,4516.89,718.16,280.05,65.49,361.35,40.65,1465.7,0.0,0.0,0.0,3126.19,280.05,65.49,1.75,121.96,154.08,1050.0,6884.3,Direct Deposit,*****3259
EMP-1197,Carol,Taylor,Marketing,Content Lead,CC-MAR-301,Full-Time,Salaried,2022-12-24,MA,2026-08-01,2026-08-15,2026-08-20,101.38,210868.5,80.0,0.0,0.0,8786.19,0.0,0.0,0.0,0.0,0.0,8786.19,439.31,120.0,45.0,100.0,704.31,8081.88,1006.07,435.55,117.19,404.09,72.74,2035.64,0.0,0.0,0.0,6046.24,435.55,117.19,1.75,218.21,351.45,300.0,10210.34,Direct Deposit,*****2094
EMP-1198,Kimberly,Martin,Engineering,Sr. Software Engineer,CC-ENG-301,Full-Time,Salaried,2024-03-16,IL,2026-08-01,2026-08-15,2026-08-20,59.64,124044.75,80.0,0.0,0.0,5168.53,0.0,0.0,0.0,0.0,0.0,5168.53,0.0,120.0,25.0,50.0,195.0,4973.53,584.77,308.36,72.12,246.19,44.76,1256.2,306.65,0.0,306.65,3410.68,308.36,72.12,1.75,134.29,0.0,300.0,5985.05,Direct Deposit,*****2036
EMP-1199,Emily,Torres,Engineering,Engineering Manager,CC-ENG-301,Full-Time,Salaried,2020-12-01,WA,2026-08-01,2026-08-15,2026-08-20,106.93,222405.66,80.0,0.0,0.0,9266.9,0.0,0.0,0.0,0.0,0.0,9266.9,463.34,120.0,25.0,100.0,708.34,8558.56,949.76,435.55,124.1,0.0,77.03,1586.44,0.0,0.0,0.0,6972.12,435.55,124.1,1.75,231.08,370.68,300.0,10730.06,Direct Deposit,*****7381
EMP-1200,Steven,Baker,Product,Sr. Product Manager,CC-PRO-101,Part-Time,Salaried,2018-09-24,MA,2026-08-01,2026-08-15,2026-08-20,77.62,161442.04,51.5,0.0,0.0,6726.75,0.0,0.0,0.0,0.0,0.0,6726.75,0.0,120.0,25.0,200.0,345.0,6381.75,977.28,395.67,92.54,319.09,57.44,1842.02,0.0,319.09,319.09,4220.64,395.67,92.54,1.75,172.31,0.0,300.0,7689.02,Direct Deposit,*****8692
EMP-1201,Ashley,Rodriguez,Customer Support,Support Tier 2,CC-CUS-101,Full-Time,Hourly,2023-04-28,IL,2026-08-01,2026-08-15,2026-08-20,38.25,0.0,80.0,0.0,0.0,3060.0,0.0,0.0,0.0,0.0,150.0,3210.0,153.0,120.0,25.0,50.0,348.0,2712.0,298.54,168.14,39.32,134.24,24.41,664.65,0.0,0.0,0.0,2197.35,168.14,39.32,1.75,73.22,122.4,300.0,3914.83,Check,N/A
EMP-1202,Jennifer,Jackson,Finance & Legal,Legal Counsel,CC-FIN-201,Full-Time,Salaried,2021-11-19,WA,2026-08-01,2026-08-15,2026-08-20,46.12,95923.05,80.0,0.0,0.0,3996.79,0.0,0.0,0.0,0.0,75.0,4071.79,0.0,250.0,0.0,0.0,250.0,3746.79,440.24,232.3,54.33,0.0,33.72,760.59,0.0,0.0,0.0,3061.2,232.3,54.33,1.75,101.16,0.0,625.0,5086.33,Direct Deposit,*****7855
EMP-1203,Linda,Garcia,Sales,Sr. Account Executive,CC-SAL-301,Part-Time,Salaried,2021-06-11,TX,2026-08-01,2026-08-15,2026-08-20,51.64,107415.15,47.2,0.0,0.0,4475.63,0.0,0.0,500.0,2500.0,0.0,7475.63,209.27,250.0,25.0,0.0,484.27,6991.36,1119.56,433.46,101.37,0.0,62.92,1717.31,0.0,0.0,0.0,5274.05,433.46,101.37,1.75,188.77,179.03,625.0,9005.01,Direct Deposit,*****9112
EMP-1204,Richard,Taylor,Engineering,Software Engineer,CC-ENG-102,Full-Time,Salaried,2020-11-18,CA,2026-08-01,2026-08-15,2026-08-20,36.26,75410.51,80.0,0.0,0.0,3142.1,0.0,0.0,0.0,1000.0,150.0,4292.1,207.1,420.0,45.0,0.0,672.1,3470.0,348.79,215.14,50.32,277.6,31.23,923.08,0.0,0.0,0.0,2696.92,215.14,50.32,1.75,93.69,125.68,1050.0,5828.68,Direct Deposit,*****1886
EMP-1205,Sarah,Taylor,Finance & Legal,CFO,CC-FIN-101,Full-Time,Salaried,2021-07-16,WA,2026-08-01,2026-08-15,2026-08-20,104.61,217581.9,80.0,0.0,0.0,9065.91,0.0,0.0,0.0,0.0,0.0,9065.91,271.98,120.0,25.0,50.0,466.98,8598.93,1486.31,435.55,124.68,0.0,77.39,2123.93,0.0,0.0,0.0,6475.0,435.55,124.68,1.75,232.17,271.98,300.0,10432.04,Direct Deposit,*****8069
EMP-1206,William,Campbell,Engineering,Tech Lead,CC-ENG-201,Full-Time,Salaried,2022-10-27,NC,2026-08-01,2026-08-15,2026-08-20,55.99,116449.87,80.0,0.0,0.0,4852.08,0.0,0.0,0.0,0.0,0.0,4852.08,242.6,120.0,0.0,0.0,362.6,4489.48,736.79,278.35,65.1,213.25,40.41,1333.9,0.0,0.0,0.0,3155.58,278.35,65.1,1.75,121.22,194.08,300.0,5812.58,Direct Deposit,*****8850
EMP-1207,Thomas,Allen,Engineering,QA Engineer,CC-ENG-102,Part-Time,Hourly,2025-03-10,MA,2026-08-01,2026-08-15,2026-08-20,34.07,0.0,39.5,0.0,0.0,1345.77,0.0,0.0,0.0,0.0,0.0,1345.77,0.0,120.0,25.0,0.0,145.0,1200.77,151.99,74.45,17.41,60.04,10.81,314.7,0.0,60.04,60.04,826.03,74.45,17.41,1.75,32.42,0.0,300.0,1771.8,Direct Deposit,*****9464
EMP-1208,Charles,Nguyen,Product,Sr. Product Manager,CC-PRO-102,Part-Time,Salaried,2020-04-04,TX,2026-08-01,2026-08-15,2026-08-20,74.12,154170.13,43.7,0.0,0.0,6423.76,0.0,0.0,0.0,0.0,0.0,6423.76,192.71,120.0,45.0,0.0,357.71,6066.05,675.64,376.1,87.96,0.0,54.59,1194.29,0.0,0.0,0.0,4871.76,376.1,87.96,1.75,163.78,192.71,300.0,7546.06,Direct Deposit,*****2961
EMP-1209,Melissa,Flores,Sales,Sales Director,CC-SAL-301,Full-Time,Salaried,2019-09-24,FL,2026-08-01,2026-08-15,2026-08-20,65.29,135803.84,80.0,0.0,0.0,5658.49,0.0,0.0,0.0,0.0,75.0,5733.49,169.75,120.0,25.0,100.0,414.75,5243.74,603.82,325.11,76.03,0.0,47.19,1052.15,115.02,0.0,115.02,4151.57,325.11,76.03,1.75,141.58,169.75,300.0,6747.71,Direct Deposit,*****9002
EMP-1210,Robert,Williams,Finance & Legal,Financial Analyst,CC-FIN-101,Full-Time,Salaried,2025-02-02,CA,2026-08-01,2026-08-15,2026-08-20,41.7,86727.84,80.0,0.0,0.0,3613.66,0.0,0.0,0.0,0.0,150.0,3763.66,361.37,420.0,25.0,50.0,856.37,2757.29,335.65,170.95,39.98,220.58,24.82,791.98,0.0,0.0,0.0,2115.31,170.95,39.98,1.75,74.45,144.55,1050.0,5245.34,Direct Deposit,*****8545
EMP-1211,Matthew,Martin,Operations,Operations Manager,CC-OPE-301,Full-Time,Salaried,2020-10-01,CA,2026-08-01,2026-08-15,2026-08-20,60.19,125200.06,80.0,0.0,0.0,5216.67,0.0,0.0,0.0,0.0,150.0,5366.67,0.0,250.0,45.0,0.0,295.0,4921.67,645.77,305.14,71.36,393.73,44.3,1460.3,0.0,246.08,246.08,3365.29,305.14,71.36,1.75,132.89,0.0,625.0,6502.81,Direct Deposit,*****9662
EMP-1212,Anthony,Moore,Engineering,Tech Lead,CC-ENG-101,Full-Time,Salaried,2021-09-24,NC,2026-08-01,2026-08-15,2026-08-20,109.03,226790.24,80.0,0.0,0.0,9449.59,0.0,0.0,0.0,0.0,0.0,9449.59,0.0,250.0,45.0,0.0,295.0,9154.59,1337.93,435.55,132.74,434.84,82.39,2423.45,0.0,457.73,457.73,6273.41,435.55,132.74,1.75,247.17,0.0,625.0,10891.8,Wire,N/A
EMP-1213,Robert,Rodriguez,Operations,Operations Manager,CC-OPE-101,Full-Time,Salaried,2021-08-18,TX,2026-08-01,2026-08-15,2026-08-20,94.05,195633.29,80.0,0.0,0.0,8151.39,0.0,0.0,0.0,0.0,0.0,8151.39,0.0,250.0,25.0,100.0,375.0,7776.39,1286.99,435.55,112.76,0.0,69.99,1905.29,0.0,0.0,0.0,5871.1,435.55,112.76,1.75,209.96,0.0,625.0,9536.41,Check,N/A
EMP-1214,George,King,Engineering,Engineering Manager,CC-ENG-101,Full-Time,Salaried,2023-11-23,MA,2026-08-01,2026-08-15,2026-08-20,66.53,138373.78,80.0,0.0,0.0,5765.57,0.0,0.0,0.0,2500.0,0.0,8265.57,0.0,250.0,45.0,50.0,345.0,7920.57,840.49,435.55,114.85,396.03,71.29,1858.21,0.0,0.0,0.0,6062.36,435.55,114.85,1.75,213.86,0.0,625.0,9656.58,Direct Deposit,*****6904
EMP-1215,Betty,Gonzalez,Engineering,Software Engineer,CC-ENG-101,Full-Time,Salaried,2025-03-05,WA,2026-08-01,2026-08-15,2026-08-20,34.55,71873.7,80.0,0.0,0.0,2994.74,0.0,0.0,0.0,0.0,0.0,2994.74,179.68,250.0,25.0,0.0,454.68,2540.06,257.41,157.48,36.83,0.0,22.86,474.58,0.0,0.0,0.0,2065.48,157.48,36.83,1.75,68.58,119.79,625.0,4004.17,Direct Deposit,*****1406
EMP-1216,Kimberly,Sanchez,Customer Support,Support Tier 2,CC-CUS-201,Full-Time,Salaried,2024-05-28,TX,2026-08-01,2026-08-15,2026-08-20,59.19,123124.81,80.0,0.0,0.0,5130.2,0.0,0.0,0.0,0.0,75.0,5205.2,0.0,120.0,0.0,50.0,170.0,4960.2,868.42,307.53,71.92,0.0,44.64,1292.51,0.0,248.01,248.01,3494.68,307.53,71.92,1.75,133.93,0.0,300.0,6020.33,Direct Deposit,*****2635
EMP-1217,Ashley,Mitchell,Engineering,QA Engineer,CC-ENG-102,Full-Time,Salaried,2019-10-01,NY,2026-08-01,2026-08-15,2026-08-20,39.94,83068.35,80.0,0.0,0.0,3461.18,0.0,0.0,0.0,0.0,75.0,3536.18,173.06,0.0,25.0,0.0,198.06,3263.12,367.25,202.31,47.32,212.1,29.37,858.35,0.0,0.0,0.0,2479.77,202.31,47.32,1.75,88.1,138.45,0.0,4014.11,Direct Deposit,*****5524
EMP-1218,Margaret,Young,Operations,Supply Chain Analyst,CC-OPE-102,Full-Time,Hourly,2025-12-23,NC,2026-08-01,2026-08-15,2026-08-20,30.66,0.0,80.0,0.0,0.0,2452.8,0.0,0.0,0.0,0.0,0.0,2452.8,73.58,120.0,25.0,0.0,218.58,2234.22,279.69,138.52,32.4,106.13,20.11,576.85,295.24,0.0,295.24,1362.13,138.52,32.4,1.75,60.32,73.58,300.0,3059.37,Direct Deposit,*****5266
EMP-1219,Brian,Thompson,Operations,Operations Manager,CC-OPE-301,Part-Time,Salaried,2019-05-23,FL,2026-08-01,2026-08-15,2026-08-20,76.57,159275.26,57.5,0.0,0.0,6636.47,0.0,0.0,0.0,0.0,75.0,6711.47,331.82,250.0,25.0,0.0,606.82,6029.65,759.84,373.84,87.43,0.0,54.27,1275.38,168.0,0.0,168.0,4661.27,373.84,87.43,1.75,162.8,265.46,625.0,8227.75,Direct Deposit,*****8263
EMP-1220,Patricia,Taylor,Finance & Legal,CFO,CC-FIN-102,Part-Time,Salaried,2019-07-02,TX,2026-08-01,2026-08-15,2026-08-20,112.06,233078.31,42.0,0.0,0.0,9711.6,0.0,0.0,0.0,0.0,0.0,9711.6,1165.39,0.0,45.0,50.0,1260.39,8451.21,1310.31,435.55,122.54,0.0,76.06,1944.46,0.0,0.0,0.0,6506.75,435.55,122.54,1.75,228.18,388.46,0.0,10888.08,Direct Deposit,*****2814
EMP-1221,Charles,Campbell,Sales,Sales Director,CC-SAL-102,Full-Time,Salaried,2026-04-08,CA,2026-08-01,2026-08-15,2026-08-20,62.9,130829.33,80.0,0.0,0.0,5451.22,0.0,0.0,0.0,0.0,75.0,5526.22,545.12,0.0,25.0,0.0,570.12,4881.1,494.59,302.63,70.78,390.49,43.93,1302.42,0.0,0.0,0.0,3653.68,302.63,70.78,1.75,131.79,218.05,0.0,6251.22,Direct Deposit,*****8905
EMP-1222,Steven,Hernandez,Engineering,QA Engineer,CC-ENG-301,Part-Time,Salaried,2019-05-14,CA,2026-08-01,2026-08-15,2026-08-20,55.98,116446.62,57.8,0.0,0.0,4851.94,0.0,0.0,0.0,0.0,0.0,4851.94,0.0,250.0,25.0,0.0,275.0,4576.94,671.25,283.77,66.37,366.16,41.19,1428.74,296.84,0.0,296.84,2851.36,283.77,66.37,1.75,123.58,0.0,625.0,5952.41,Direct Deposit,*****1075
EMP-1223,Richard,Brown,Customer Support,Support Tier 2,CC-CUS-301,Full-Time,Salaried,2019-12-20,MA,2026-08-01,2026-08-15,2026-08-20,57.1,118775.81,80.0,0.0,0.0,4948.99,0.0,0.0,0.0,0.0,0.0,4948.99,0.0,120.0,45.0,100.0,265.0,4683.99,552.46,290.41,67.92,234.2,42.16,1187.15,0.0,0.0,0.0,3496.84,290.41,67.92,1.75,126.47,0.0,300.0,5735.54,Direct Deposit,*****5815
EMP-1224,Margaret,Lewis,Marketing,Marketing Specialist,CC-MAR-201,Full-Time,Hourly,2019-08-25,WA,2026-08-01,2026-08-15,2026-08-20,23.69,0.0,80.0,0.0,0.0,1895.2,0.0,0.0,0.0,0.0,0.0,1895.2,94.76,120.0,25.0,100.0,339.76,1555.44,250.13,96.44,22.55,0.0,14.0,383.12,0.0,0.0,0.0,1172.32,96.44,22.55,1.75,42.0,75.81,300.0,2433.75,Direct Deposit,*****5933
EMP-1225,Emily,Johnson,Sales,Account Executive,CC-SAL-301,Full-Time,Salaried,2026-03-24,TX,2026-08-01,2026-08-15,2026-08-20,34.89,72573.3,80.0,0.0,0.0,3023.89,0.0,0.0,1250.0,0.0,150.0,4423.89,302.39,120.0,25.0,0.0,447.39,3826.5,456.28,237.24,55.48,0.0,34.44,783.44,0.0,0.0,0.0,3193.06,237.24,55.48,1.75,103.32,120.96,300.0,5242.64,Direct Deposit,*****2032
EMP-1226,Patricia,Roberts,Sales,Sales Director,CC-SAL-102,Full-Time,Salaried,2025-08-03,NY,2026-08-01,2026-08-15,2026-08-20,55.07,114542.1,80.0,0.0,0.0,4772.59,0.0,0.0,4500.0,0.0,0.0,9272.59,238.63,0.0,0.0,0.0,238.63,9033.96,1453.87,435.55,130.99,587.21,81.31,2688.93,0.0,0.0,0.0,6345.03,435.55,130.99,1.75,243.92,190.9,0.0,10275.7,Direct Deposit,*****1287
EMP-1227,Elizabeth,Johnson,Marketing,CMO,CC-MAR-101,Full-Time,Salaried,2025-12-15,NC,2026-08-01,2026-08-15,2026-08-20,65.48,136198.69,80.0,0.0,0.0,5674.95,0.0,0.0,0.0,1000.0,75.0,6749.95,400.5,250.0,45.0,0.0,695.5,5979.45,989.42,370.73,86.7,284.02,53.82,1784.69,322.48,0.0,322.48,3947.28,370.73,86.7,1.75,161.45,227.0,625.0,8222.58,Wire,N/A
EMP-1228,George,Ramirez,Operations,Supply Chain Analyst,CC-OPE-301,Full-Time,Salaried,2023-04-02,TX,2026-08-01,2026-08-15,2026-08-20,59.44,123644.85,80.0,0.0,0.0,5151.87,0.0,0.0,0.0,0.0,75.0,5226.87,154.56,250.0,25.0,50.0,479.56,4672.31,722.35,289.68,67.75,0.0,42.05,1121.83,0.0,0.0,0.0,3625.48,289.68,67.75,1.75,126.15,154.56,625.0,6491.76,Direct Deposit,*****8845
EMP-1229,Matthew,Young,Engineering,Engineering Manager,CC-ENG-301,Part-Time,Salaried,2021-07-12,IL,2026-08-01,2026-08-15,2026-08-20,94.21,195948.29,49.6,0.0,0.0,8164.51,0.0,0.0,0.0,0.0,75.0,8239.51,244.94,0.0,45.0,0.0,289.94,7874.57,1415.48,435.55,114.18,389.79,70.87,2425.87,0.0,0.0,0.0,5523.7,435.55,114.18,1.75,212.61,244.94,0.0,9248.54,Direct Deposit,*****7155
EMP-1230,William,Lopez,Engineering,Sr. Software Engineer,CC-ENG-101,Full-Time,Salaried,2021-08-30,FL,2026-08-01,2026-08-15,2026-08-20,53.14,110534.61,80.0,0.0,0.0,4605.61,0.0,0.0,0.0,0.0,75.0,4680.61,230.28,250.0,45.0,0.0,525.28,4080.33,671.13,252.98,59.16,0.0,36.72,1019.99,0.0,0.0,0.0,3135.34,252.98,59.16,1.75,110.17,184.22,625.0,5913.89,Direct Deposit,*****1279
EMP-1231,Elizabeth,Rivera,Engineering,Sr. Software Engineer,CC-ENG-201,Full-Time,Hourly,2024-07-03,NC,2026-08-01,2026-08-15,2026-08-20,26.97,0.0,80.0,5.0,3.0,2157.6,202.27,161.82,0.0,0.0,75.0,2596.69,258.91,250.0,25.0,100.0,633.91,1887.78,281.58,117.04,27.37,89.67,16.99,532.65,0.0,0.0,0.0,1430.13,117.04,27.37,1.75,50.97,86.3,625.0,3505.12,Direct Deposit,*****9044
EMP-1232,Jessica,Jones,Human Resources,VP of People,CC-HUM-301,Full-Time,Salaried,2020-10-31,WA,2026-08-01,2026-08-15,2026-08-20,98.43,204741.15,80.0,0.0,0.0,8530.88,0.0,0.0,0.0,0.0,75.0,8605.88,426.54,120.0,0.0,0.0,546.54,7984.34,1329.56,435.55,115.77,0.0,71.86,1952.74,0.0,0.0,0.0,6106.6,435.55,115.77,1.75,215.58,341.24,300.0,10015.77,Direct Deposit,*****4866
EMP-1233,Daniel,Flores,Product,Sr. Product Manager,CC-PRO-102,Full-Time,Salaried,2023-12-25,IL,2026-08-01,2026-08-15,2026-08-20,97.39,202577.82,80.0,0.0,0.0,8440.74,0.0,0.0,0.0,0.0,0.0,8440.74,0.0,250.0,45.0,200.0,495.0,7945.74,1154.19,435.55,115.21,393.31,71.51,2169.77,0.0,397.29,397.29,5378.68,435.55,115.21,1.75,214.53,0.0,625.0,9832.78,Direct Deposit,*****4861
EMP-1234,Brian,Jones,Sales,Sales Executive,CC-SAL-301,Full-Time,Salaried,2024-08-05,FL,2026-08-01,2026-08-15,2026-08-20,31.38,65267.51,80.0,0.0,0.0,2719.48,0.0,0.0,2800.0,1000.0,0.0,6519.48,0.0,0.0,45.0,0.0,45.0,6474.48,813.21,401.42,93.88,0.0,58.27,1366.78,0.0,0.0,0.0,5107.7,401.42,93.88,1.75,174.81,0.0,0.0,7191.34,Direct Deposit,*****8493
EMP-1235,Donald,Mitchell,Engineering,Tech Lead,CC-ENG-301,Full-Time,Salaried,2018-10-20,TX,2026-08-01,2026-08-15,2026-08-20,60.36,125543.06,80.0,0.0,0.0,5230.96,0.0,0.0,0.0,0.0,0.0,5230.96,313.86,120.0,65.0,0.0,498.86,4732.1,768.62,293.39,68.62,0.0,42.59,1173.22,0.0,0.0,0.0,3558.88,293.39,68.62,1.75,127.77,209.24,300.0,6231.73,Direct Deposit,*****2499
EMP-1236,George,Hall,Operations,Supply Chain Analyst,CC-OPE-201,Full-Time,Salaried,2024-01-01,NC,2026-08-01,2026-08-15,2026-08-20,38.16,79374.92,80.0,0.0,0.0,3307.29,0.0,0.0,0.0,0.0,75.0,3382.29,165.36,250.0,65.0,0.0,480.36,2826.93,297.78,175.27,40.99,134.28,25.44,673.76,173.92,0.0,173.92,2054.25,175.27,40.99,1.75,76.33,132.29,625.0,4433.92,Direct Deposit,*****3657
EMP-1237,Charles,Garcia,Product,Sr. Product Manager,CC-PRO-101,Full-Time,Salaried,2022-12-11,CA,2026-08-01,2026-08-15,2026-08-20,113.95,237014.12,80.0,0.0,0.0,9875.59,0.0,0.0,0.0,0.0,0.0,9875.59,987.56,0.0,65.0,200.0,1252.56,8623.03,1345.49,435.55,125.03,689.84,77.61,2673.52,0.0,0.0,0.0,5949.51,435.55,125.03,1.75,232.82,395.02,0.0,11065.76,Direct Deposit,*****2652
EMP-1238,Dorothy,White,Customer Support,Support Agent,CC-CUS-102,Full-Time,Salaried,2026-01-10,WA,2026-08-01,2026-08-15,2026-08-20,49.96,103918.09,80.0,0.0,0.0,4329.92,0.0,0.0,0.0,0.0,75.0,4404.92,216.5,120.0,65.0,0.0,401.5,3928.42,430.7,243.56,56.96,0.0,35.36,766.58,0.0,0.0,0.0,3236.84,243.56,56.96,1.75,106.07,173.2,300.0,5286.46,Check,N/A
EMP-1239,Matthew,Lewis,Product,Product Analyst,CC-PRO-201,Full-Time,Hourly,2024-03-01,FL,2026-08-01,2026-08-15,2026-08-20,36.91,0.0,80.0,0.0,0.0,2952.8,0.0,0.0,0.0,0.0,150.0,3102.8,147.64,120.0,45.0,0.0,312.64,2640.16,400.93,163.69,38.28,0.0,23.76,626.66,0.0,0.0,0.0,2163.5,163.69,38.28,1.75,71.28,118.11,300.0,3795.91,Direct Deposit,*****8657
EMP-1240,Nancy,Taylor,Customer Support,Support Agent,CC-CUS-301,Full-Time,Salaried,2022-05-04,MA,2026-08-01,2026-08-15,2026-08-20,32.32,67228.57,80.0,0.0,0.0,2801.19,0.0,0.0,0.0,250.0,0.0,3051.19,0.0,250.0,0.0,50.0,300.0,2751.19,428.79,170.57,39.89,137.56,24.76,801.57,0.0,137.56,137.56,1812.06,170.57,39.89,1.75,74.28,0.0,625.0,3962.68,Direct Deposit,*****5386
EMP-1241,Lisa,Jackson,Product,Product Analyst,CC-PRO-102,Full-Time,Hourly,2022-10-09,NC,2026-08-01,2026-08-15,2026-08-20,35.08,0.0,80.0,0.0,0.0,2806.4,0.0,0.0,0.0,0.0,0.0,2806.4,140.32,0.0,65.0,50.0,255.32,2551.08,374.83,158.17,36.99,121.18,22.96,714.13,0.0,0.0,0.0,1836.95,158.17,36.99,1.75,68.88,112.26,0.0,3184.45,Direct Deposit,*****8370
EMP-1242,Amanda,Lopez,Operations,Operations Manager,CC-OPE-102,Full-Time,Salaried,2025-08-26,MA,2026-08-01,2026-08-15,2026-08-20,95.29,198203.85,80.0,0.0,0.0,8258.49,0.0,0.0,0.0,0.0,300.0,8558.49,247.75,120.0,45.0,100.0,512.75,7745.74,1065.52,435.55,112.31,387.29,69.71,2070.38,0.0,0.0,0.0,5975.36,435.55,112.31,1.75,209.13,247.75,300.0,9864.98,Wire,N/A
EMP-1243,Carol,Allen,Engineering,Engineering Manager,CC-ENG-201,Contractor,Hourly,2025-12-04,MA,2026-08-01,2026-08-15,2026-08-20,118.69,0.0,80.0,0.0,0.0,9495.2,0.0,0.0,0.0,0.0,0.0,9495.2,0.0,0.0,0.0,0.0,0.0,9495.2,0.0,0.0,0.0,0.0,0.0,0.0,0.0,0.0,0.0,9495.2,0.0,0.0,0.0,0.0,0.0,0.0,9495.2,Direct Deposit,*****6811
EMP-1244,Amanda,Moore,Marketing,Content Lead,CC-MAR-201,Full-Time,Salaried,2025-03-12,IL,2026-08-01,2026-08-15,2026-08-20,109.48,227720.05,80.0,0.0,0.0,9488.34,0.0,0.0,0.0,0.0,0.0,9488.34,474.42,120.0,25.0,0.0,619.42,8868.92,935.22,435.55,128.6,439.01,79.82,2018.2,0.0,0.0,0.0,6850.72,435.55,128.6,1.75,239.46,379.53,300.0,10973.23,Direct Deposit,*****4096
EMP-1245,Christopher,Thomas,Operations,Supply Chain Analyst,CC-OPE-201,Full-Time,Salaried,2025-09-30,TX,2026-08-01,2026-08-15,2026-08-20,46.71,97154.5,80.0,0.0,0.0,4048.1,0.0,0.0,0.0,0.0,0.0,4048.1,202.4,250.0,25.0,0.0,477.4,3570.7,547.47,221.38,51.78,0.0,32.14,852.77,0.0,0.0,0.0,2717.93,221.38,51.78,1.75,96.41,161.92,625.0,5206.34,Direct Deposit,*****6506
EMP-1246,Elizabeth,Ramirez,Engineering,Tech Lead,CC-ENG-101,Full-Time,Salaried,2019-01-14,WA,2026-08-01,2026-08-15,2026-08-20,84.87,176521.97,80.0,0.0,0.0,7355.08,0.0,0.0,0.0,0.0,0.0,7355.08,441.3,0.0,25.0,0.0,466.3,6888.78,728.09,427.1,99.89,0.0,62.0,1317.08,0.0,0.0,0.0,5571.7,427.1,99.89,1.75,186.0,294.2,0.0,8364.02,Direct Deposit,*****4567
EMP-1247,Susan,Gonzalez,Engineering,DevOps Engineer,CC-ENG-101,Full-Time,Salaried,2021-05-20,NC,2026-08-01,2026-08-15,2026-08-20,42.95,89327.56,80.0,0.0,0.0,3721.98,0.0,0.0,0.0,0.0,0.0,3721.98,186.1,120.0,65.0,200.0,571.1,3150.88,515.86,195.35,45.69,149.67,28.36,934.93,0.0,0.0,0.0,2215.95,195.35,45.69,1.75,85.07,148.88,300.0,4498.72,Direct Deposit,*****9611
EMP-1248,Daniel,Nelson,Human Resources,HR Specialist,CC-HUM-301,Part-Time,Salaried,2022-02-04,WA,2026-08-01,2026-08-15,2026-08-20,46.18,96057.57,32.3,0.0,0.0,4002.4,0.0,0.0,0.0,0.0,75.0,4077.4,200.12,120.0,25.0,0.0,345.12,3657.28,372.75,226.75,53.03,0.0,32.92,685.45,0.0,0.0,0.0,3046.83,226.75,53.03,1.75,98.75,160.1,300.0,4917.78,Direct Deposit,*****6089
EMP-1249,John,Sanchez,Marketing,CMO,CC-MAR-201,Contractor,Hourly,2019-01-31,IL,2026-08-01,2026-08-15,2026-08-20,62.77,0.0,80.0,0.0,0.0,5021.6,0.0,0.0,0.0,0.0,75.0,5096.6,0.0,0.0,0.0,0.0,0.0,5021.6,0.0,0.0,0.0,0.0,0.0,0.0,0.0,0.0,0.0,5096.6,0.0,0.0,0.0,0.0,0.0,0.0,5096.6,Direct Deposit,*****5270
